date,year,mounth,day,weekday,temp,pres,prec,wind,absenteeism
20120114,2012,1,14,6,-21,756,0,1.0,4
20120116,2012,1,16,1,-19,758,0,2.0,3
20120117,2012,1,17,2,-27,770,0,1.0,3
20120118,2012,1,18,3,-28,776,0,2.0,6
20120119,2012,1,19,4,-27,778,0,2.0,4
20120120,2012,1,20,5,-27,778,0,2.0,4
20120121,2012,1,21,6,-21,776,0,1.0,4
20120123,2012,1,23,1,-22,765,0,6.0,2
20120124,2012,1,24,2,-20,763,0,2.0,3
20120125,2012,1,25,3,-22,766,2,2.0,4
20120126,2012,1,26,4,-24,769,0,1.0,3
20120127,2012,1,27,5,-22,768,0,3.0,4
20120128,2012,1,28,6,-20,767,0,,4
20120130,2012,1,30,1,-25,765,0,2.0,4
20120131,2012,1,31,2,-29,775,0,2.0,7
20120201,2012,2,1,3,-31,774,0,,10
20120202,2012,2,2,4,-20,769,0,3.0,10
20120203,2012,2,3,5,-15,763,0,2.0,6
20120204,2012,2,4,6,-15,765,0,,5
20120206,2012,2,6,1,-15,777,0,,3
20120207,2012,2,7,2,-10,773,0,1.0,3
20120208,2012,2,8,3,-22,767,0,,5
20120209,2012,2,9,4,-18,759,0,1.0,4
20120210,2012,2,10,5,-22,762,0,2.0,3
20120211,2012,2,11,6,-17,763,2,6.0,4
20120213,2012,2,13,1,-16,771,2,2.0,4
20120214,2012,2,14,2,-14,771,0,,3
20120215,2012,2,15,3,-9,766,0,3.0,3
20120216,2012,2,16,4,-17,760,0,2.0,3
20120217,2012,2,17,5,-14,756,0,2.0,3
20120218,2012,2,18,6,-14,754,0,1.0,4
20120220,2012,2,20,1,-17,756,0,1.0,3
20120221,2012,2,21,2,-16,764,0,2.0,3
20120222,2012,2,22,3,-13,769,0,,3
20120223,2012,2,23,4,-14,768,0,1.0,1
20120224,2012,2,24,5,-17,764,0,,5
20120225,2012,2,25,6,-16,762,0,2.0,4
20120227,2012,2,27,1,-12,763,0,1.0,3
20120228,2012,2,28,2,-9,758,0,1.0,4
20120301,2012,3,1,4,-12,759,0,,5
20120302,2012,3,2,5,-13,760,0,,5
20120303,2012,3,3,6,-6,758,0,,6
20120305,2012,3,5,1,-4,757,0,,2
20120306,2012,3,6,2,0,759,0,,3
20120307,2012,3,7,3,-1,760,0,,2
20120308,2012,3,8,4,0,761,0,3.0,0
20120309,2012,3,9,5,3,760,0,,6
20120310,2012,3,10,6,3,759,0,,5
20120312,2012,3,12,1,-1,758,0,2.0,3
20120313,2012,3,13,2,-2,749,0,,3
20120314,2012,3,14,3,-5,753,0,4.0,3
20120315,2012,3,15,4,-5,758,0,2.0,2
20120316,2012,3,16,5,1,752,0,1.0,3
20120317,2012,3,17,6,-3,748,0,4.0,3
20120319,2012,3,19,1,-7,751,0,9.0,3
20120320,2012,3,20,2,0,746,0,7.0,4
20120321,2012,3,21,3,0,760,0,3.0,3
20120322,2012,3,22,4,1,757,0,4.0,3
20120323,2012,3,23,5,4,752,0,3.0,4
20120324,2012,3,24,6,2,750,0,3.0,0
20120402,2012,4,2,1,5,754,0,2.0,2
20120403,2012,4,3,2,6,762,0,1.0,2
20120404,2012,4,4,3,10,756,0,4.0,1
20120405,2012,4,5,4,9,755,0,4.0,3
20120406,2012,4,6,5,4,762,0,3.0,2
20120407,2012,4,7,6,8,748,0,5.0,3
20120409,2012,4,9,1,6,764,0,3.0,2
20120410,2012,4,10,2,10,761,0,2.0,2
20120411,2012,4,11,3,13,753,0,5.0,2
20120412,2012,4,12,4,5,756,0,1.0,1
20120413,2012,4,13,5,11,749,0,2.0,1
20120414,2012,4,14,6,16,754,0,2.0,3
20120416,2012,4,16,1,16,746,0,2.0,2
20120417,2012,4,17,2,9,749,0,2.0,2
20120418,2012,4,18,3,8,754,0,,2
20120419,2012,4,19,4,15,748,0,1.0,2
20120420,2012,4,20,5,20,740,0,3.0,2
20120421,2012,4,21,6,2,745,2,3.0,4
20120423,2012,4,23,1,6,759,0,1.0,3
20120424,2012,4,24,2,7,749,0,1.0,2
20120425,2012,4,25,3,10,754,0,6.0,3
20120426,2012,4,26,4,5,755,0,3.0,3
20120427,2012,4,27,5,9,750,0,3.0,2
20120428,2012,4,28,6,9,749,0,3.0,4
20120430,2012,4,30,1,8,741,0,4.0,6
20120502,2012,5,2,3,19,744,0,1.0,3
20120503,2012,5,3,4,12,741,0,4.0,2
20120504,2012,5,4,5,9,744,0,3.0,2
20120505,2012,5,5,6,9,742,1,6.0,4
20120507,2012,5,7,1,9,755,0,3.0,4
20120508,2012,5,8,2,8,754,0,5.0,4
20120510,2012,5,10,4,7,763,0,3.0,2
20120511,2012,5,11,5,11,760,0,3.0,1
20120512,2012,5,12,6,17,753,0,2.0,1
20120514,2012,5,14,1,21,747,0,4.0,2
20120515,2012,5,15,2,24,745,0,4.0,2
20120516,2012,5,16,3,11,749,0,3.0,3
20120517,2012,5,17,4,11,755,0,5.0,2
20120518,2012,5,18,5,15,748,0,2.0,2
20120519,2012,5,19,6,10,750,0,2.0,3
20120521,2012,5,21,1,16,755,0,3.0,3
20120522,2012,5,22,2,18,751,0,2.0,3
20120523,2012,5,23,3,26,744,0,3.0,1
20120524,2012,5,24,4,18,738,3,4.0,0
20120525,2012,5,25,5,10,750,0,2.0,1
20120526,2012,5,26,6,9,757,0,2.0,2
20120528,2012,5,28,1,16,756,0,3.0,1
20120529,2012,5,29,2,20,754,0,3.0,1
20120530,2012,5,30,3,26,751,0,2.0,1
20120531,2012,5,31,4,27,750,0,1.0,0
20120509,2012,5,9,3,6,763,0,2.0,0
20120601,2012,6,1,5,28,749,0,1.0,1
20120602,2012,6,2,6,27,749,0,3.0,0
20120604,2012,6,4,1,29,747,0,1.0,0
20120605,2012,6,5,2,28,745,0,1.0,0
20120606,2012,6,6,3,26,741,0,3.0,0
20120607,2012,6,7,4,20,746,0,3.0,0
20120608,2012,6,8,5,23,749,0,1.0,0
20120609,2012,6,9,6,26,748,0,1.0,0
20120611,2012,6,11,1,29,744,0,2.0,0
20111017,2011,10,17,1,15,748,0,4.0,0
20111018,2011,10,18,2,6,752,0,2.0,0
20111019,2011,10,19,3,4,758,0,2.0,0
20111020,2011,10,20,4,6,758,0,1.0,0
20111021,2011,10,21,5,5,762,0,1.0,0
20111022,2011,10,22,6,5,761,0,1.0,0
20111024,2011,10,24,1,8,756,0,1.0,0
20111025,2011,10,25,2,8,751,0,1.0,0
20111026,2011,10,26,3,4,752,0,1.0,0
20111027,2011,10,27,4,7,740,0,5.0,0
20111028,2011,10,28,5,1,749,0,3.0,0
20111029,2011,10,29,6,0,748,0,10.0,1
20111031,2011,10,31,1,-3,754,0,8.0,1
20111001,2011,10,1,6,17,757,0,1.0,0
20111003,2011,10,3,1,13,746,1,6.0,0
20111004,2011,10,4,2,14,746,0,2.0,0
20111005,2011,10,5,3,17,742,0,4.0,0
20111006,2011,10,6,4,10,746,0,7.0,0
20111007,2011,10,7,5,11,752,0,6.0,0
20111008,2011,10,8,6,12,747,0,8.0,0
20111010,2011,10,10,1,12,761,0,3.0,0
20111011,2011,10,11,2,13,758,0,4.0,0
20111012,2011,10,12,3,14,759,0,2.0,0
20111013,2011,10,13,4,16,758,0,3.0,0
20111014,2011,10,14,5,18,757,0,,0
20111015,2011,10,15,6,16,754,0,,0
20111101,2011,11,1,2,0,747,2,2.0,0
20111102,2011,11,2,3,-4,756,0,8.0,0
20111103,2011,11,3,4,2,750,0,6.0,0
20111104,2011,11,4,5,4,748,0,10.0,0
20111105,2011,11,5,6,5,751,0,6.0,0
20111114,2011,11,14,1,-8,754,0,2.0,2
20111115,2011,11,15,2,-10,753,0,2.0,2
20111116,2011,11,16,3,-7,758,2,6.0,1
20111117,2011,11,17,4,-6,757,0,7.0,2
20111118,2011,11,18,5,-4,747,2,10.0,2
20111119,2011,11,19,6,-8,749,2,8.0,3
20111121,2011,11,21,1,-7,756,0,9.0,2
20111122,2011,11,22,2,-4,747,0,3.0,2
20111123,2011,11,23,3,-9,754,2,8.0,1
20111124,2011,11,24,4,-13,756,0,4.0,2
20111125,2011,11,25,5,-15,756,0,4.0,3
20111126,2011,11,26,6,-13,759,0,2.0,5
20111128,2011,11,28,1,-12,761,0,4.0,3
20111129,2011,11,29,2,-12,762,2,5.0,3
20111130,2011,11,30,3,-12,766,0,3.0,2
20111107,2011,11,7,1,-4,755,0,2.0,0
20111108,2011,11,8,2,-5,751,0,1.0,0
20111109,2011,11,9,3,-8,758,0,12.0,0
20111110,2011,11,10,4,-7,755,2,7.0,0
20111111,2011,11,11,5,-11,763,2,5.0,0
20111112,2011,11,12,6,-4,752,0,7.0,0
20111201,2011,12,1,4,-10,759,0,3.0,3
20111202,2011,12,2,5,-8,754,0,3.0,3
20111203,2011,12,3,6,-10,755,2,1.0,4
20111205,2011,12,5,1,-10,760,0,6.0,2
20111206,2011,12,6,2,-8,766,0,7.0,2
20111207,2011,12,7,3,-6,768,0,3.0,1
20111208,2011,12,8,4,-12,771,0,1.0,2
20111209,2011,12,9,5,-16,768,0,,2
20111210,2011,12,10,6,-13,764,0,2.0,2
20111212,2011,12,12,1,-13,763,0,2.0,1
20111213,2011,12,13,2,-11,763,0,2.0,1
20111214,2011,12,14,3,-10,764,0,1.0,2
20111215,2011,12,15,4,-8,760,0,1.0,2
20111216,2011,12,16,5,-16,767,0,3.0,2
20111217,2011,12,17,6,-20,770,0,1.0,3
20111219,2011,12,19,1,-14,768,0,2.0,2
20111220,2011,12,20,2,-14,772,0,4.0,1
20111221,2011,12,21,3,-16,771,0,2.0,1
20111222,2011,12,22,4,-13,766,0,4.0,1
20111223,2011,12,23,5,-11,764,0,4.0,2
20111224,2011,12,24,6,-12,760,0,2.0,1
20111226,2011,12,26,1,-11,752,0,3.0,0
20111227,2011,12,27,2,-5,751,2,9.0,0
20111228,2011,12,28,3,-12,756,0,6.0,0
20111229,2011,12,29,4,-7,752,0,5.0,0
20111230,2011,12,30,5,-3,751,0,6.0,0
20110926,2011,9,26,1,12,761,0,3.0,0
20110927,2011,9,27,2,16,760,0,1.0,0
20110928,2011,9,28,3,17,755,0,1.0,0
20110929,2011,9,29,4,17,750,0,4.0,0
20110930,2011,9,30,5,14,758,0,4.0,0
20110905,2011,9,5,1,16,761,0,2.0,0
20110906,2011,9,6,2,17,759,0,1.0,0
20110907,2011,9,7,3,18,754,0,2.0,0
20110908,2011,9,8,4,20,747,0,2.0,0
20110909,2011,9,9,5,23,741,0,,0
20110910,2011,9,10,6,11,747,0,2.0,0
20110912,2011,9,12,1,15,759,0,2.0,0
20110913,2011,9,13,2,18,758,0,3.0,0
20110914,2011,9,14,3,17,758,0,2.0,0
20110915,2011,9,15,4,19,754,0,2.0,0
20110916,2011,9,16,5,21,752,0,2.0,0
20110917,2011,9,17,6,20,752,0,1.0,0
20110919,2011,9,19,1,23,752,0,,0
20110920,2011,9,20,2,24,748,0,,0
20110921,2011,9,21,3,19,746,0,3.0,0
20110922,2011,9,22,4,16,749,0,3.0,0
20110923,2011,9,23,5,15,750,0,4.0,0
20110924,2011,9,24,6,14,744,1,4.0,0
20130114,2013,1,14,1,-8,750,0,9.0,2
20130115,2013,1,15,2,-3,742,0,7.0,2
20130116,2013,1,16,3,-11,749,0,6.0,3
20130117,2013,1,17,4,-16,755,0,8.0,3
20130118,2013,1,18,5,-23,758,0,2.0,3
20130119,2013,1,19,6,-17,757,0,3.0,4
20130121,2013,1,21,1,-8,751,2,2.0,2
20130122,2013,1,22,2,-11,755,0,,2
20130123,2013,1,23,3,-1,743,0,11.0,3
20130124,2013,1,24,4,-9,750,0,4.0,3
20130125,2013,1,25,5,-3,747,2,1.0,2
20130126,2013,1,26,6,1,742,0,6.0,4
20130128,2013,1,28,1,-23,760,0,3.0,3
20130129,2013,1,29,2,-22,762,0,2.0,2
20130130,2013,1,30,3,-18,758,2,3.0,4
20130131,2013,1,31,4,-18,763,0,1.0,2
20130201,2013,2,1,5,-11,758,0,4.0,2
20130202,2013,2,2,6,-8,756,0,3.0,4
20130204,2013,2,4,1,-10,759,2,,2
20130205,2013,2,5,2,-8,762,2,1.0,2
20130206,2013,2,6,3,-12,766,0,2.0,2
20130207,2013,2,7,4,-15,767,0,1.0,2
20130208,2013,2,8,5,-18,764,0,2.0,2
20130209,2013,2,9,6,-24,768,0,,3
20130211,2013,2,11,1,-7,758,2,2.0,2
20130212,2013,2,12,2,-19,766,0,,4
20130213,2013,2,13,3,-13,759,0,9.0,3
20130214,2013,2,14,4,-8,749,2,3.0,4
20130215,2013,2,15,5,-18,757,0,3.0,3
20130216,2013,2,16,6,-20,767,0,2.0,5
20130218,2013,2,18,1,-17,760,2,1.0,3
20130219,2013,2,19,2,-13,757,0,4.0,2
20130220,2013,2,20,3,-13,762,0,1.0,3
20130221,2013,2,21,4,-8,756,0,3.0,2
20130222,2013,2,22,5,-5,752,2,2.0,3
20130225,2013,2,25,1,-13,753,2,3.0,5
20130226,2013,2,26,2,-11,747,2,8.0,5
20130228,2013,2,28,4,-4,748,0,6.0,5
20130301,2013,3,1,5,-16,755,0,4.0,5
20130302,2013,3,2,6,-10,755,0,3.0,7
20130304,2013,3,4,1,-2,749,0,9.0,4
20130305,2013,3,5,2,-13,762,0,3.0,2
20130306,2013,3,6,3,-11,747,2,4.0,3
20130307,2013,3,7,4,-10,741,0,1.0,2
20130309,2013,3,9,6,-4,740,2,14.0,3
20130311,2013,3,11,1,-12,764,0,1.0,2
20130312,2013,3,12,2,-7,750,0,2.0,2
20130313,2013,3,13,3,-1,751,0,,2
20130314,2013,3,14,4,2,749,0,3.0,2
20130315,2013,3,15,5,-1,752,0,2.0,3
20130316,2013,3,16,6,-4,765,0,1.0,3
20130318,2013,3,18,1,2,752,0,1.0,2
20130319,2013,3,19,2,3,750,0,1.0,2
20130320,2013,3,20,3,-8,759,0,2.0,3
20130321,2013,3,21,4,-5,747,0,2.0,2
20130322,2013,3,22,5,-5,758,0,1.0,3
20130323,2013,3,23,6,-1,748,2,1.0,2
20130403,2013,4,3,3,-2,763,0,4.0,3
20130404,2013,4,4,4,1,755,0,7.0,2
20130405,2013,4,5,5,2,754,0,4.0,3
20130406,2013,4,6,6,3,757,0,4.0,3
20130408,2013,4,8,1,9,756,0,3.0,3
20130409,2013,4,9,2,8,752,0,2.0,2
20130410,2013,4,10,3,8,754,0,3.0,3
20130411,2013,4,11,4,5,760,0,3.0,3
20130412,2013,4,12,5,4,757,0,4.0,2
20130413,2013,4,13,6,8,746,0,1.0,4
20130415,2013,4,15,1,5,756,0,4.0,2
20130416,2013,4,16,2,4,757,0,4.0,2
20130417,2013,4,17,3,6,748,0,1.0,2
20130418,2013,4,18,4,3,747,1,2.0,3
20130419,2013,4,19,5,3,750,0,2.0,2
20130420,2013,4,20,6,5,751,1,1.0,4
20130422,2013,4,22,1,10,753,0,2.0,2
20130423,2013,4,23,2,13,750,0,2.0,2
20130424,2013,4,24,3,14,742,0,4.0,2
20130425,2013,4,25,4,8,745,0,4.0,2
20130426,2013,4,26,5,7,753,0,3.0,2
20130427,2013,4,27,6,14,751,0,2.0,3
20130429,2013,4,29,1,6,744,3,4.0,3
20130430,2013,4,30,2,10,740,0,4.0,1
20130506,2013,5,6,1,12,755,0,1.0,4
20130507,2013,5,7,2,8,751,1,9.0,3
20130508,2013,5,8,3,22,747,1,5.0,3
20130513,2013,5,13,1,4,749,0,4.0,1
20130514,2013,5,14,2,8,752,0,2.0,1
20130515,2013,5,15,3,15,743,0,3.0,1
20130516,2013,5,16,4,12,749,0,4.0,2
20130517,2013,5,17,5,10,750,0,2.0,1
20130518,2013,5,18,6,8,739,1,8.0,2
20130520,2013,5,20,1,9,742,0,4.0,2
20130521,2013,5,21,2,9,743,0,5.0,2
20130522,2013,5,22,3,13,744,1,6.0,1
20130523,2013,5,23,4,9,739,0,8.0,2
20130524,2013,5,24,5,13,748,0,3.0,1
20130525,2013,5,25,6,11,751,0,2.0,0
20130527,2013,5,27,1,16,748,0,2.0,1
20130528,2013,5,28,2,16,745,0,4.0,1
20130529,2013,5,29,3,10,750,0,3.0,0
20130530,2013,5,30,4,16,750,0,3.0,1
20130531,2013,5,31,5,11,744,0,3.0,0
20130601,2013,6,1,6,11,748,0,5.0,1
20130603,2013,6,3,1,11,743,0,4.0,0
20130604,2013,6,4,2,14,746,0,3.0,0
20130605,2013,6,5,3,13,748,1,2.0,0
20130606,2013,6,6,4,14,751,0,3.0,0
20130607,2013,6,7,5,20,754,0,2.0,0
20130608,2013,6,8,6,21,750,0,5.0,0
20130610,2013,6,10,1,19,738,0,2.0,0
20130611,2013,6,11,2,16,741,0,4.0,0
20120903,2012,9,3,1,23,741,0,3.0,1
20120904,2012,9,4,2,19,745,0,3.0,2
20120905,2012,9,5,3,16,744,0,4.0,1
20120906,2012,9,6,4,12,751,0,3.0,2
20120907,2012,9,7,5,19,752,0,3.0,1
20120910,2012,9,10,1,25,755,0,1.0,1
20120911,2012,9,11,2,24,750,0,1.0,2
20120912,2012,9,12,3,26,745,0,1.0,1
20120913,2012,9,13,4,17,748,1,,1
20120914,2012,9,14,5,18,744,0,3.0,1
20120915,2012,9,15,6,12,741,0,10.0,0
20120917,2012,9,17,1,13,748,0,4.0,2
20120918,2012,9,18,2,20,742,0,1.0,2
20120919,2012,9,19,3,12,740,3,1.0,1
20120920,2012,9,20,4,11,744,1,5.0,2
20120921,2012,9,21,5,11,747,1,6.0,2
20120922,2012,9,22,6,10,751,0,1.0,1
20120924,2012,9,24,1,12,752,0,1.0,2
20120925,2012,9,25,2,12,757,0,4.0,3
20120926,2012,9,26,3,16,754,0,4.0,2
20120927,2012,9,27,4,15,748,0,3.0,2
20120928,2012,9,28,5,14,750,0,3.0,3
20120929,2012,9,29,6,11,757,0,1.0,3
20120908,2012,9,8,6,21,753,0,3.0,0
20121001,2012,10,1,1,13,754,0,,3
20121002,2012,10,2,2,14,753,0,2.0,3
20121003,2012,10,3,3,16,750,0,3.0,3
20121004,2012,10,4,4,14,746,0,8.0,3
20121005,2012,10,5,5,8,750,0,5.0,3
20121006,2012,10,6,6,5,754,0,2.0,4
20121008,2012,10,8,1,9,752,1,4.0,2
20121009,2012,10,9,2,11,748,0,3.0,2
20121010,2012,10,10,3,5,758,0,3.0,2
20121011,2012,10,11,4,5,763,0,,2
20121012,2012,10,12,5,6,762,0,1.0,1
20121013,2012,10,13,6,5,764,0,1.0,4
20121015,2012,10,15,1,7,761,0,2.0,3
20121016,2012,10,16,2,10,757,0,1.0,2
20121017,2012,10,17,3,12,753,0,2.0,2
20121018,2012,10,18,4,7,755,0,2.0,3
20121019,2012,10,19,5,3,756,0,,3
20121020,2012,10,20,6,5,747,1,3.0,2
20121022,2012,10,22,1,2,745,0,3.0,2
20121023,2012,10,23,2,1,738,2,,3
20121024,2012,10,24,3,-5,748,2,1.0,1
20121025,2012,10,25,4,-3,758,0,2.0,1
20121026,2012,10,26,5,-2,760,0,3.0,2
20121027,2012,10,27,6,2,757,0,10.0,2
20121029,2012,10,29,1,7,752,0,5.0,2
20121030,2012,10,30,2,1,754,2,2.0,2
20121101,2012,11,1,4,0,766,0,3.0,3
20121102,2012,11,2,5,0,763,0,7.0,2
20121103,2012,11,3,6,3,749,0,4.0,1
20121112,2012,11,12,1,0,737,1,9.0,2
20121113,2012,11,13,2,-2,744,0,3.0,2
20121114,2012,11,14,3,-5,758,2,9.0,1
20121115,2012,11,15,4,0,750,0,8.0,2
20121116,2012,11,16,5,-1,740,2,5.0,1
20121117,2012,11,17,6,-4,754,2,8.0,2
20121119,2012,11,19,1,-2,750,2,1.0,2
20121120,2012,11,20,2,-9,763,0,1.0,2
20121121,2012,11,21,3,-9,759,2,10.0,2
20121122,2012,11,22,4,-4,752,2,7.0,2
20121123,2012,11,23,5,-12,753,0,2.0,2
20121124,2012,11,24,6,-7,750,2,4.0,3
20121126,2012,11,26,1,-14,754,0,2.0,2
20121127,2012,11,27,2,-15,762,0,2.0,2
20121128,2012,11,28,3,-18,760,0,,1
20121129,2012,11,29,4,-14,749,2,3.0,2
20121130,2012,11,30,5,-17,751,2,1.0,1
20121201,2012,12,1,6,-22,758,2,2.0,3
20121203,2012,12,3,1,-16,762,2,2.0,2
20121204,2012,12,4,2,-17,760,0,7.0,3
20121205,2012,12,5,3,-13,756,0,3.0,2
20121206,2012,12,6,4,-17,765,0,3.0,2
20121207,2012,12,7,5,-12,753,0,2.0,2
20121208,2012,12,8,6,-15,759,0,,3
20121210,2012,12,10,1,-26,759,0,2.0,2
20121211,2012,12,11,2,-32,763,0,1.0,4
20121212,2012,12,12,3,-33,762,0,,6
20121213,2012,12,13,4,-35,765,0,,9
20121214,2012,12,14,5,-36,769,0,,6
20121215,2012,12,15,6,-34,774,0,1.0,0
20121217,2012,12,17,1,-30,774,2,4.0,4
20121218,2012,12,18,2,-35,774,0,2.0,6
20121219,2012,12,19,3,-32,775,0,7.0,5
20121220,2012,12,20,4,-27,776,2,2.0,3
20121221,2012,12,21,5,-29,779,0,3.0,1
20121222,2012,12,22,6,-24,767,0,2.0,2
20121224,2012,12,24,1,-20,748,2,2.0,1
20121225,2012,12,25,2,-24,757,0,,1
20121226,2012,12,26,3,-24,761,0,2.0,0
20121227,2012,12,27,4,-22,771,0,5.0,0
20121228,2012,12,28,5,-14,766,2,7.0,0
20121229,2012,12,29,6,-10,758,2,7.0,1
20140113,2014,1,13,1,-12,761,0,2.0,2
20140114,2014,1,14,2,-8,755,2,3.0,2
20140115,2014,1,15,3,-6,758,0,3.0,2
20140116,2014,1,16,4,-3,756,0,6.0,2
20140117,2014,1,17,5,-6,756,2,4.0,2
20140118,2014,1,18,6,-11,764,0,2.0,3
20140120,2014,1,20,1,-4,746,0,4.0,2
20140121,2014,1,21,2,-14,744,0,6.0,2
20140122,2014,1,22,3,-18,753,0,6.0,2
20140123,2014,1,23,4,-18,762,0,3.0,2
20140124,2014,1,24,5,-16,755,0,2.0,3
20140125,2014,1,25,6,-22,753,0,2.0,3
20140127,2014,1,27,1,-15,743,2,,2
20140128,2014,1,28,2,-23,757,2,3.0,2
20140129,2014,1,29,3,-20,755,2,1.0,3
20140130,2014,1,30,4,-27,757,0,2.0,4
20140131,2014,1,31,5,-26,759,0,2.0,6
20140201,2014,2,1,6,-23,764,2,5.0,6
20140203,2014,2,3,1,-28,770,0,,4
20140204,2014,2,4,2,-23,768,0,,5
20140205,2014,2,5,3,-23,767,0,,3
20140206,2014,2,6,4,-21,771,0,,4
20140207,2014,2,7,5,-16,765,0,2.0,4
20140208,2014,2,8,6,-15,763,0,2.0,5
20140210,2014,2,10,1,-18,767,0,1.0,3
20140211,2014,2,11,2,-17,767,0,1.0,3
20140212,2014,2,12,3,-21,766,0,2.0,2
20140213,2014,2,13,4,-21,765,0,1.0,4
20140214,2014,2,14,5,-20,766,0,2.0,3
20140215,2014,2,15,6,-19,767,0,3.0,3
20140217,2014,2,17,1,-13,758,2,8.0,3
20140218,2014,2,18,2,-8,748,0,5.0,3
20140219,2014,2,19,3,-7,746,2,3.0,2
20140220,2014,2,20,4,-2,741,2,8.0,3
20140221,2014,2,21,5,-2,745,0,5.0,3
20140222,2014,2,22,6,-2,743,0,7.0,3
20140224,2014,2,24,1,-21,770,0,5.0,2
20140225,2014,2,25,2,-16,770,0,8.0,3
20140226,2014,2,26,3,-13,763,0,5.0,2
20140227,2014,2,27,4,-10,757,2,6.0,3
20140228,2014,2,28,5,-8,756,2,3.0,2
20140301,2014,3,1,6,-7,758,2,,3
20140303,2014,3,3,1,-8,764,2,2.0,3
20140304,2014,3,4,2,-8,767,0,3.0,2
20140305,2014,3,5,3,-10,764,0,1.0,1
20140306,2014,3,6,4,-8,758,0,2.0,2
20140307,2014,3,7,5,-4,746,0,3.0,1
20140310,2014,3,10,1,-5,762,0,6.0,0
20140311,2014,3,11,2,-3,752,2,9.0,2
20140312,2014,3,12,3,-1,752,0,8.0,1
20140313,2014,3,13,4,0,749,0,3.0,2
20140314,2014,3,14,5,2,732,0,8.0,2
20140315,2014,3,15,6,1,748,2,6.0,1
20140317,2014,3,17,1,3,761,0,,3
20140318,2014,3,18,2,5,751,0,2.0,2
20140319,2014,3,19,3,2,757,0,5.0,1
20140320,2014,3,20,4,4,748,0,3.0,2
20140321,2014,3,21,5,2,757,0,5.0,1
20140322,2014,3,22,6,6,753,0,1.0,2
20140324,2014,3,24,1,3,756,0,3.0,0
20140325,2014,3,25,2,3,757,0,4.0,0
20140326,2014,3,26,3,2,750,0,5.0,0
20140327,2014,3,27,4,3,741,1,4.0,0
20140328,2014,3,28,5,0,754,0,4.0,0
20140329,2014,3,29,6,4,754,0,,0
20140331,2014,3,31,1,7,750,0,,0
20140401,2014,4,1,2,13,747,0,3.0,1
20140402,2014,4,2,3,16,750,0,3.0,1
20140403,2014,4,3,4,7,754,0,1.0,1
20140404,2014,4,4,5,5,749,0,2.0,1
20140405,2014,4,5,6,4,755,0,2.0,1
20140407,2014,4,7,1,5,746,0,5.0,1
20140408,2014,4,8,2,3,751,1,9.0,1
20140409,2014,4,9,3,5,750,0,4.0,1
20140410,2014,4,10,4,11,741,1,4.0,1
20140411,2014,4,11,5,3,748,0,3.0,2
20140412,2014,4,12,6,-1,759,0,1.0,2
20140414,2014,4,14,1,3,759,0,2.0,1
20140415,2014,4,15,2,9,760,0,3.0,0
20140416,2014,4,16,3,10,760,0,4.0,0
20140417,2014,4,17,4,15,756,0,3.0,1
20140418,2014,4,18,5,11,758,0,2.0,1
20140419,2014,4,19,6,9,750,0,3.0,2
20140421,2014,4,21,1,13,739,0,4.0,1
20140422,2014,4,22,2,0,746,0,3.0,1
20140423,2014,4,23,3,4,760,0,7.0,1
20140424,2014,4,24,4,7,752,0,5.0,1
20140425,2014,4,25,5,9,739,0,5.0,2
20140426,2014,4,26,6,7,747,0,9.0,3
20140428,2014,4,28,1,1,753,0,4.0,2
20140429,2014,4,29,2,5,755,0,2.0,1
20140430,2014,4,30,3,2,757,1,2.0,2
20140502,2014,5,2,5,22,751,0,1.0,0
20140503,2014,5,3,6,21,746,0,2.0,0
20140505,2014,5,5,1,16,751,0,4.0,1
20140506,2014,5,6,2,13,764,0,2.0,1
20140507,2014,5,7,3,16,761,0,2.0,1
20140508,2014,5,8,4,17,756,0,2.0,1
20140510,2014,5,10,6,7,756,0,4.0,1
20140512,2014,5,12,1,15,755,0,2.0,1
20140513,2014,5,13,2,16,743,0,3.0,1
20140514,2014,5,14,3,12,751,0,2.0,1
20140515,2014,5,15,4,13,755,0,1.0,0
20140516,2014,5,16,5,14,752,0,2.0,1
20140517,2014,5,17,6,17,744,0,,1
20140519,2014,5,19,1,10,754,0,2.0,1
20140520,2014,5,20,2,14,745,0,4.0,0
20140521,2014,5,21,3,16,747,0,1.0,1
20140522,2014,5,22,4,8,748,0,1.0,1
20140523,2014,5,23,5,19,750,0,3.0,1
20140524,2014,5,24,6,16,736,3,7.0,0
20140526,2014,5,26,1,8,742,1,6.0,1
20140527,2014,5,27,2,12,746,0,2.0,1
20140528,2014,5,28,3,10,741,0,1.0,1
20140529,2014,5,29,4,13,740,0,2.0,1
20140530,2014,5,30,5,10,745,0,2.0,1
20140531,2014,5,31,6,12,753,0,3.0,1
20140602,2014,6,2,1,9,758,0,1.0,1
20140603,2014,6,3,2,12,752,0,7.0,0
20140604,2014,6,4,3,14,750,0,1.0,0
20140605,2014,6,5,4,11,752,0,2.0,1
20140606,2014,6,6,5,16,744,0,8.0,0
20140607,2014,6,7,6,11,744,0,1.0,1
20140609,2014,6,9,1,9,749,0,2.0,0
20140610,2014,6,10,2,15,750,0,3.0,0
20140611,2014,6,11,3,20,745,0,3.0,0
20140613,2014,6,13,5,21,750,0,2.0,0
20130903,2013,9,3,2,23,751,0,2.0,0
20130904,2013,9,4,3,24,747,0,1.0,1
20130905,2013,9,5,4,23,748,0,2.0,1
20130906,2013,9,6,5,16,755,0,2.0,3
20130909,2013,9,9,1,19,749,0,2.0,1
20130910,2013,9,10,2,13,742,0,1.0,2
20130911,2013,9,11,3,15,744,0,1.0,2
20130912,2013,9,12,4,12,750,0,3.0,2
20130913,2013,9,13,5,13,754,0,4.0,2
20130914,2013,9,14,6,16,747,0,2.0,3
20130916,2013,9,16,1,9,752,0,1.0,2
20130917,2013,9,17,2,7,753,0,2.0,2
20130918,2013,9,18,3,8,754,0,2.0,2
20130919,2013,9,19,4,7,752,0,1.0,2
20130920,2013,9,20,5,6,755,1,2.0,2
20130921,2013,9,21,6,7,762,0,2.0,0
20130923,2013,9,23,1,13,756,0,1.0,1
20130924,2013,9,24,2,17,750,0,4.0,1
20130925,2013,9,25,3,17,744,0,,1
20130926,2013,9,26,4,8,742,0,3.0,2
20130927,2013,9,27,5,8,744,0,4.0,2
20130928,2013,9,28,6,6,744,1,5.0,1
20130930,2013,9,30,1,11,753,0,,1
20130907,2013,9,7,6,15,761,0,2.0,0
20131001,2013,10,1,2,15,744,0,2.0,1
20131002,2013,10,2,3,10,752,0,5.0,1
20131003,2013,10,3,4,5,750,1,3.0,1
20131004,2013,10,4,5,4,749,2,2.0,2
20131005,2013,10,5,6,4,759,0,2.0,1
20131007,2013,10,7,1,5,745,0,3.0,1
20131008,2013,10,8,2,6,749,0,4.0,1
20131009,2013,10,9,3,7,746,1,3.0,2
20131010,2013,10,10,4,2,752,0,3.0,1
20131011,2013,10,11,5,1,760,0,3.0,1
20131012,2013,10,12,6,-2,766,0,1.0,1
20131014,2013,10,14,1,10,750,0,,1
20131015,2013,10,15,2,7,743,1,6.0,2
20131016,2013,10,16,3,4,752,0,3.0,1
20131017,2013,10,17,4,8,755,0,6.0,1
20131018,2013,10,18,5,8,754,0,2.0,3
20131019,2013,10,19,6,0,760,0,3.0,3
20131021,2013,10,21,1,8,751,0,4.0,2
20131022,2013,10,22,2,5,745,1,4.0,1
20131023,2013,10,23,3,2,757,0,2.0,1
20131024,2013,10,24,4,1,761,2,1.0,2
20131025,2013,10,25,5,1,757,0,5.0,2
20131026,2013,10,26,6,3,750,1,4.0,2
20131028,2013,10,28,1,5,755,0,3.0,1
20131029,2013,10,29,2,5,754,1,2.0,1
20131030,2013,10,30,3,8,754,0,3.0,1
20131031,2013,10,31,4,7,747,1,5.0,1
20131101,2013,11,1,5,6,750,1,5.0,0
20131102,2013,11,2,6,8,745,0,6.0,0
20131111,2013,11,11,1,-1,761,2,1.0,1
20131112,2013,11,12,2,1,755,0,5.0,1
20131113,2013,11,13,3,1,746,2,4.0,2
20131114,2013,11,14,4,1,753,0,1.0,2
20131115,2013,11,15,5,2,756,0,3.0,2
20131116,2013,11,16,6,4,753,0,4.0,2
20131118,2013,11,18,1,1,749,0,4.0,2
20131119,2013,11,19,2,3,746,0,6.0,1
20131120,2013,11,20,3,2,752,0,2.0,3
20131121,2013,11,21,4,-1,761,0,5.0,2
20131122,2013,11,22,5,-2,760,2,1.0,3
20131123,2013,11,23,6,-2,763,0,2.0,3
20131125,2013,11,25,1,-3,760,0,2.0,2
20131126,2013,11,26,2,-1,763,0,4.0,2
20131127,2013,11,27,3,-1,757,0,4.0,2
20131128,2013,11,28,4,-1,753,0,2.0,3
20131129,2013,11,29,5,2,746,0,5.0,3
20131130,2013,11,30,6,1,747,0,3.0,3
20131202,2013,12,2,1,-1,752,2,3.0,2
20131203,2013,12,3,2,-3,755,0,7.0,2
20131204,2013,12,4,3,0,749,0,5.0,2
20131205,2013,12,5,4,2,742,1,5.0,2
20131206,2013,12,6,5,-5,759,2,4.0,2
20131207,2013,12,7,6,-3,758,0,4.0,3
20131209,2013,12,9,1,-6,761,0,1.0,2
20131210,2013,12,10,2,-3,755,0,3.0,1
20131211,2013,12,11,3,-4,754,0,,1
20131212,2013,12,12,4,-1,747,2,5.0,1
20131213,2013,12,13,5,-7,754,0,9.0,2
20131214,2013,12,14,6,-3,754,0,5.0,3
20131216,2013,12,16,1,1,749,0,2.0,2
20131217,2013,12,17,2,-9,761,0,6.0,2
20131218,2013,12,18,3,-10,760,0,5.0,1
20131219,2013,12,19,4,-10,756,0,10.0,1
20131220,2013,12,20,5,-3,751,0,5.0,1
20131221,2013,12,21,6,-4,750,2,1.0,3
20131223,2013,12,23,1,-24,771,0,2.0,0
20131224,2013,12,24,2,-20,767,0,2.0,0
20131225,2013,12,25,3,-13,765,0,3.0,0
20131226,2013,12,26,4,-4,761,2,6.0,0
20131227,2013,12,27,5,-3,759,0,5.0,0
20131228,2013,12,28,6,-7,755,2,4.0,0
20150112,2015,1,12,1,-15,759,0,2.0,2
20150113,2015,1,13,2,-17,764,0,,3
20150114,2015,1,14,3,-4,753,0,6.0,2
20150115,2015,1,15,4,-4,756,0,2.0,3
20150116,2015,1,16,5,-3,756,2,2.0,3
20150117,2015,1,17,6,-3,750,2,7.0,3
20150119,2015,1,19,1,-7,751,0,7.0,3
20150120,2015,1,20,2,-6,749,0,5.0,3
20150121,2015,1,21,3,-7,742,2,3.0,2
20150122,2015,1,22,4,-14,749,2,6.0,3
20150123,2015,1,23,5,-23,755,0,2.0,4
20150124,2015,1,24,6,-31,769,0,2.0,7
20150126,2015,1,26,1,-28,772,0,,9
20150127,2015,1,27,2,-18,761,2,11.0,6
20150128,2015,1,28,3,-14,761,0,5.0,4
20150129,2015,1,29,4,-12,763,0,3.0,5
20150130,2015,1,30,5,-15,762,0,2.0,7
20150131,2015,1,31,6,-15,764,0,,6
20150202,2015,2,2,1,-15,771,0,2.0,6
20150203,2015,2,3,2,-14,770,0,,9
20150204,2015,2,4,3,-14,768,0,1.0,8
20150205,2015,2,5,4,-13,768,0,,9
20150206,2015,2,6,5,-7,762,0,3.0,8
20150207,2015,2,7,6,-9,753,0,3.0,8
20150209,2015,2,9,1,-1,744,0,6.0,5
20150210,2015,2,10,2,-8,758,0,4.0,7
20150211,2015,2,11,3,-7,751,0,2.0,6
20150212,2015,2,12,4,-3,739,2,3.0,5
20150213,2015,2,13,5,-11,753,0,3.0,6
20150214,2015,2,14,6,-6,745,2,9.0,6
20150216,2015,2,16,1,-10,752,0,1.0,4
20150217,2015,2,17,2,-9,749,2,,3
20150218,2015,2,18,3,-17,752,0,3.0,2
20150219,2015,2,19,4,-25,767,0,2.0,4
20150220,2015,2,20,5,-15,767,0,,4
20150221,2015,2,21,6,-10,753,0,5.0,3
20150224,2015,2,24,2,-3,758,2,6.0,5
20150225,2015,2,25,3,-4,749,2,2.0,3
20150226,2015,2,26,4,-2,760,2,2.0,4
20150227,2015,2,27,5,-5,759,2,6.0,4
20150228,2015,2,28,6,-3,753,2,3.0,4
20150302,2015,3,2,1,-6,764,0,3.0,3
20150303,2015,3,3,2,-7,758,0,1.0,3
20150304,2015,3,4,3,-4,758,0,1.0,3
20150305,2015,3,5,4,-8,758,0,2.0,3
20150306,2015,3,6,5,-9,767,0,3.0,3
20150307,2015,3,7,6,-6,767,0,4.0,1
20150309,2015,3,9,1,-9,760,0,,6
20150310,2015,3,10,2,0,752,2,4.0,4
20150311,2015,3,11,3,-2,751,0,7.0,3
20150312,2015,3,12,4,1,758,0,3.0,3
20150313,2015,3,13,5,-2,753,2,3.0,3
20150314,2015,3,14,6,-4,753,2,2.0,4
20150316,2015,3,16,1,-2,752,0,3.0,3
20150317,2015,3,17,2,-3,752,0,5.0,4
20150318,2015,3,18,3,-1,753,2,4.0,4
20150319,2015,3,19,4,-1,752,0,4.0,4
20150320,2015,3,20,5,-2,758,0,4.0,3
20150321,2015,3,21,6,-1,757,0,6.0,2
20150401,2015,4,1,3,5,755,0,2.0,2
20150402,2015,4,2,4,2,758,0,1.0,3
20150403,2015,4,3,5,3,761,0,1.0,2
20150404,2015,4,4,6,7,761,0,3.0,4
20150406,2015,4,6,1,9,762,0,3.0,2
20150407,2015,4,7,2,6,759,0,1.0,4
20150408,2015,4,8,3,7,755,0,,3
20150409,2015,4,9,4,3,761,0,1.0,4
20150410,2015,4,10,5,5,758,0,5.0,3
20150411,2015,4,11,6,10,749,0,5.0,4
20150413,2015,4,13,1,7,744,0,2.0,3
20150414,2015,4,14,2,7,755,0,4.0,4
20150415,2015,4,15,3,5,747,0,3.0,2
20150416,2015,4,16,4,4,750,0,,4
20150417,2015,4,17,5,5,757,0,1.0,3
20150418,2015,4,18,6,10,750,0,3.0,4
20150420,2015,4,20,1,14,748,0,5.0,2
20150421,2015,4,21,2,15,750,0,,3
20150422,2015,4,22,3,19,747,0,4.0,2
20150423,2015,4,23,4,11,743,0,1.0,3
20150424,2015,4,24,5,12,744,0,4.0,3
20150425,2015,4,25,6,11,749,0,3.0,4
20150427,2015,4,27,1,8,742,0,9.0,3
20150428,2015,4,28,2,6,752,0,3.0,3
20150429,2015,4,29,3,7,758,0,2.0,3
20150430,2015,4,30,4,11,750,0,3.0,4
20150502,2015,5,2,6,10,756,1,1.0,2
20150504,2015,5,4,1,19,758,0,2.0,6
20150505,2015,5,5,2,18,752,0,3.0,5
20150506,2015,5,6,3,18,747,0,,3
20150507,2015,5,7,4,15,749,0,1.0,4
20150508,2015,5,8,5,16,750,0,2.0,4
20150511,2015,5,11,1,14,747,0,2.0,6
20150512,2015,5,12,2,12,752,0,,3
20150513,2015,5,13,3,17,755,0,3.0,3
20150514,2015,5,14,4,18,753,0,2.0,2
20150515,2015,5,15,5,23,752,0,1.0,2
20150516,2015,5,16,6,24,749,0,2.0,4
20150518,2015,5,18,1,22,746,0,8.0,3
20150519,2015,5,19,2,23,747,0,,2
20150520,2015,5,20,3,19,749,0,1.0,2
20150521,2015,5,21,4,16,743,0,5.0,2
20150522,2015,5,22,5,13,742,0,3.0,2
20150523,2015,5,23,6,15,743,0,3.0,3
20150525,2015,5,25,1,16,746,0,4.0,1
20150526,2015,5,26,2,16,747,0,2.0,2
20150527,2015,5,27,3,19,750,0,1.0,1
20150528,2015,5,28,4,18,745,0,2.0,1
20150529,2015,5,29,5,9,743,0,4.0,1
20150530,2015,5,30,6,13,748,0,2.0,1
20150601,2015,6,1,1,19,754,0,3.0,0
20150602,2015,6,2,2,16,752,0,3.0,0
20150603,2015,6,3,3,23,749,0,2.0,1
20150604,2015,6,4,4,21,752,0,2.0,0
20150605,2015,6,5,5,23,750,0,2.0,0
20150606,2015,6,6,6,26,747,0,,0
20140901,2014,9,1,1,20,744,0,6.0,1
20140902,2014,9,2,2,10,752,0,2.0,1
20140903,2014,9,3,3,17,753,0,2.0,1
20140904,2014,9,4,4,14,752,0,2.0,2
20140905,2014,9,5,5,14,753,0,,2
20140906,2014,9,6,6,15,748,0,4.0,1
20140908,2014,9,8,1,17,743,0,4.0,2
20140909,2014,9,9,2,14,744,0,4.0,2
20140910,2014,9,10,3,10,749,1,,2
20140911,2014,9,11,4,8,753,1,2.0,3
20140912,2014,9,12,5,7,754,1,10.0,3
20140913,2014,9,13,6,12,753,0,2.0,3
20140915,2014,9,15,1,8,750,0,,4
20140916,2014,9,16,2,11,750,0,,3
20140917,2014,9,17,3,17,747,0,2.0,4
20140918,2014,9,18,4,18,736,1,10.0,5
20140919,2014,9,19,5,7,745,0,10.0,6
20140920,2014,9,20,6,4,753,2,2.0,6
20140922,2014,9,22,1,11,757,0,6.0,5
20140923,2014,9,23,2,13,756,1,2.0,4
20140924,2014,9,24,3,12,754,0,,4
20140925,2014,9,25,4,14,751,0,2.0,4
20140926,2014,9,26,5,8,757,0,4.0,3
20140927,2014,9,27,6,9,758,0,2.0,2
20140929,2014,9,29,1,9,748,0,2.0,3
20140930,2014,9,30,2,11,751,0,4.0,3
20141001,2014,10,1,3,9,747,1,4.0,2
20141002,2014,10,2,4,13,757,0,,3
20141003,2014,10,3,5,13,753,0,4.0,3
20141004,2014,10,4,6,9,748,0,6.0,1
20141006,2014,10,6,1,4,749,0,4.0,2
20141007,2014,10,7,2,6,747,0,2.0,2
20141008,2014,10,8,3,1,743,2,,2
20141009,2014,10,9,4,0,759,1,2.0,3
20141010,2014,10,10,5,1,764,0,2.0,3
20141011,2014,10,11,6,7,751,1,12.0,3
20141013,2014,10,13,1,1,754,0,2.0,2
20141014,2014,10,14,2,3,748,1,2.0,2
20141015,2014,10,15,3,4,747,0,2.0,3
20141016,2014,10,16,4,2,749,0,2.0,3
20141017,2014,10,17,5,-2,752,0,2.0,3
20141018,2014,10,18,6,-3,759,0,2.0,3
20141020,2014,10,20,1,6,741,1,4.0,3
20141021,2014,10,21,2,0,748,2,6.0,3
20141022,2014,10,22,3,1,754,2,4.0,3
20141023,2014,10,23,4,5,748,0,,2
20141024,2014,10,24,5,5,747,0,,2
20141025,2014,10,25,6,1,745,0,6.0,3
20141027,2014,10,27,1,-8,756,0,4.0,3
20141028,2014,10,28,2,-6,763,2,12.0,3
20141029,2014,10,29,3,-4,752,2,16.0,2
20141030,2014,10,30,4,0,752,2,4.0,2
20141031,2014,10,31,5,1,756,1,4.0,2
20141101,2014,11,1,6,2,755,0,6.0,1
20141110,2014,11,10,1,-8,773,0,,3
20141111,2014,11,11,2,-8,769,0,1.0,3
20141112,2014,11,12,3,-6,763,0,3.0,2
20141113,2014,11,13,4,-3,757,0,8.0,4
20141114,2014,11,14,5,0,755,0,4.0,3
20141115,2014,11,15,6,-5,754,0,2.0,4
20141117,2014,11,17,1,-9,759,0,2.0,3
20141118,2014,11,18,2,-13,747,0,,4
20141119,2014,11,19,3,-10,752,2,6.0,3
20141120,2014,11,20,4,-6,751,2,8.0,3
20141121,2014,11,21,5,-8,746,2,6.0,4
20141122,2014,11,22,6,-10,754,0,2.0,4
20141124,2014,11,24,1,-25,752,0,4.0,4
20141125,2014,11,25,2,-21,753,2,10.0,4
20141126,2014,11,26,3,-10,746,2,6.0,2
20141127,2014,11,27,4,-9,742,0,2.0,3
20141128,2014,11,28,5,-28,763,0,2.0,4
20141129,2014,11,29,6,-27,772,0,6.0,6
20141201,2014,12,1,1,-16,760,2,6.0,2
20141202,2014,12,2,2,-12,761,0,5.0,3
20141203,2014,12,3,3,-9,752,0,1.0,4
20141204,2014,12,4,4,-12,752,2,8.0,3
20141205,2014,12,5,5,-16,763,0,4.0,3
20141206,2014,12,6,6,-7,753,2,6.0,4
20141208,2014,12,8,1,-19,764,2,8.0,5
20141209,2014,12,9,2,-8,765,2,4.0,4
20141210,2014,12,10,3,-12,768,0,3.0,4
20141211,2014,12,11,4,-10,761,0,8.0,4
20141212,2014,12,12,5,-9,756,2,1.0,4
20141213,2014,12,13,6,-20,771,0,,5
20141215,2014,12,15,1,-13,769,0,4.0,5
20141216,2014,12,16,2,-10,760,2,6.0,4
20141217,2014,12,17,3,-7,764,2,1.0,4
20141218,2014,12,18,4,-14,766,2,2.0,3
20141219,2014,12,19,5,-12,766,0,4.0,3
20141220,2014,12,20,6,-17,762,0,2.0,3
20141222,2014,12,22,1,-2,755,2,5.0,3
20141223,2014,12,23,2,-5,758,0,2.0,2
20141224,2014,12,24,3,-10,754,0,2.0,1
20141225,2014,12,25,4,0,747,0,7.0,1
20141226,2014,12,26,5,0,749,0,3.0,1
20141227,2014,12,27,6,-1,742,0,5.0,0
20160111,2016,1,11,1,-14,763,0,2.0,2
20160112,2016,1,12,2,-10,759,0,6.0,2
20160113,2016,1,13,3,-4,757,0,5.0,2
20160114,2016,1,14,4,-13,758,2,2.0,2
20160115,2016,1,15,5,-21,767,0,,4
20160116,2016,1,16,6,-20,765,2,1.0,4
20160118,2016,1,18,1,-22,763,0,1.0,3
20160119,2016,1,19,2,-29,772,0,1.0,3
20160120,2016,1,20,3,-30,779,0,1.0,7
20160121,2016,1,21,4,-21,779,0,,5
20160122,2016,1,22,5,-12,775,0,3.0,4
20160123,2016,1,23,6,-19,774,0,1.0,4
20160125,2016,1,25,1,-7,770,0,3.0,3
20160126,2016,1,26,2,-6,762,0,4.0,4
20160127,2016,1,27,3,-14,761,0,4.0,5
20160128,2016,1,28,4,-12,763,0,2.0,5
20160129,2016,1,29,5,-14,763,0,2.0,5
20160130,2016,1,30,6,-14,767,0,1.0,5
20160201,2016,2,1,1,-8,762,0,2.0,5
20160202,2016,2,2,2,-5,764,0,1.0,7
20160203,2016,2,3,3,-6,770,0,1.0,8
20160204,2016,2,4,4,-11,763,0,3.0,7
20160205,2016,2,5,5,-2,751,2,9.0,7
20160206,2016,2,6,6,0,749,2,6.0,6
20160208,2016,2,8,1,-1,740,0,4.0,5
20160209,2016,2,9,2,-12,752,2,,6
20160210,2016,2,10,3,-14,761,2,3.0,6
20160211,2016,2,11,4,-15,766,0,7.0,5
20160212,2016,2,12,5,-10,765,2,2.0,6
20160213,2016,2,13,6,-7,770,0,1.0,3
20160215,2016,2,15,1,-18,767,0,2.0,4
20160216,2016,2,16,2,-15,762,0,,4
20160217,2016,2,17,3,-14,767,0,1.0,5
20160218,2016,2,18,4,-12,773,0,3.0,4
20160219,2016,2,19,5,-9,767,0,3.0,3
20160220,2016,2,20,6,-5,761,0,1.0,3
20160222,2016,2,22,1,-9,770,0,,6
20160224,2016,2,24,3,-2,760,0,5.0,3
20160225,2016,2,25,4,0,761,0,1.0,2
20160226,2016,2,26,5,2,758,0,1.0,3
20160227,2016,2,27,6,2,755,0,3.0,4
20160229,2016,2,29,1,-1,758,0,2.0,2
20160301,2016,3,1,2,-2,749,2,,3
20160302,2016,3,2,3,-3,746,2,2.0,3
20160303,2016,3,3,4,-5,764,0,3.0,2
20160304,2016,3,4,5,-7,763,2,1.0,4
20160305,2016,3,5,6,-6,764,0,3.0,3
20160307,2016,3,7,1,-7,775,0,3.0,1
20160309,2016,3,9,3,-5,766,0,2.0,3
20160310,2016,3,10,4,-6,761,0,,3
20160311,2016,3,11,5,-4,761,0,3.0,3
20160312,2016,3,12,6,0,757,0,1.0,4
20160314,2016,3,14,1,0,743,0,5.0,3
20160315,2016,3,15,2,-5,751,2,3.0,2
20160316,2016,3,16,3,-7,746,0,,3
20160317,2016,3,17,4,0,738,0,9.0,3
20160318,2016,3,18,5,0,745,0,10.0,3
20160319,2016,3,19,6,0,753,0,2.0,1
20160330,2016,3,30,3,5,755,0,2.0,3
20160331,2016,3,31,4,3,758,0,2.0,3
20160401,2016,4,1,5,8,755,0,2.0,3
20160402,2016,4,2,6,5,751,0,3.0,4
20160404,2016,4,4,1,3,755,0,2.0,3
20160405,2016,4,5,2,6,757,0,2.0,2
20160406,2016,4,6,3,10,755,0,2.0,3
20160407,2016,4,7,4,7,748,0,3.0,3
20160408,2016,4,8,5,5,749,0,2.0,3
20160409,2016,4,9,6,5,749,0,5.0,5
20160411,2016,4,11,1,6,744,0,3.0,3
20160412,2016,4,12,2,6,747,0,3.0,3
20160413,2016,4,13,3,5,752,0,3.0,3
20160414,2016,4,14,4,3,758,0,2.0,3
20160415,2016,4,15,5,10,760,0,1.0,4
20160416,2016,4,16,6,12,755,0,1.0,5
20160418,2016,4,18,1,15,752,0,2.0,4
20160419,2016,4,19,2,16,750,0,4.0,3
20160420,2016,4,20,3,18,754,0,2.0,3
20160421,2016,4,21,4,25,746,0,,4
20160422,2016,4,22,5,19,746,0,1.0,3
20160423,2016,4,23,6,19,748,3,2.0,6
20160425,2016,4,25,1,17,751,0,1.0,2
20160426,2016,4,26,2,7,751,1,3.0,4
20160427,2016,4,27,3,8,752,0,2.0,3
20160428,2016,4,28,4,10,750,0,2.0,3
20160429,2016,4,29,5,9,749,0,1.0,4
20160430,2016,4,30,6,14,753,0,3.0,5
20160503,2016,5,3,2,5,759,0,4.0,6
20160504,2016,5,4,3,11,757,0,3.0,5
20160505,2016,5,5,4,14,749,0,2.0,3
20160506,2016,5,6,5,19,748,0,2.0,4
20160507,2016,5,7,6,16,750,0,2.0,3
20160510,2016,5,10,2,8,754,0,4.0,3
20160511,2016,5,11,3,8,743,1,3.0,4
20160512,2016,5,12,4,9,749,0,3.0,3
20160513,2016,5,13,5,16,751,0,4.0,3
20160514,2016,5,14,6,21,744,0,4.0,5
20160516,2016,5,16,1,11,747,0,3.0,2
20160517,2016,5,17,2,10,751,0,3.0,2
20160518,2016,5,18,3,9,755,0,2.0,3
20160519,2016,5,19,4,13,764,0,3.0,3
20160520,2016,5,20,5,16,763,0,2.0,3
20160521,2016,5,21,6,18,761,0,2.0,2
20160523,2016,5,23,1,23,755,0,3.0,2
20160524,2016,5,24,2,26,755,0,2.0,2
20160525,2016,5,25,3,22,750,0,2.0,2
20160526,2016,5,26,4,23,743,0,2.0,2
20160527,2016,5,27,5,21,750,0,2.0,1
20160528,2016,5,28,6,21,746,0,4.0,2
20160530,2016,5,30,1,18,744,0,4.0,1
20160531,2016,5,31,2,13,743,0,2.0,1
20160601,2016,6,1,3,14,748,0,3.0,0
20160602,2016,6,2,4,13,752,0,1.0,0
20160603,2016,6,3,5,17,753,0,2.0,0
20160604,2016,6,4,6,23,750,0,1.0,0
20160606,2016,6,6,1,23,747,0,4.0,0
20160607,2016,6,7,2,23,751,0,2.0,0
20160608,2016,6,8,3,27,749,0,2.0,0
20150901,2015,9,1,2,29,746,0,,1
20150902,2015,9,2,3,23,746,0,2.0,1
20150903,2015,9,3,4,26,742,0,2.0,1
20150904,2015,9,4,5,18,752,0,,2
20150905,2015,9,5,6,19,755,0,4.0,1
20150907,2015,9,7,1,16,758,0,,1
20150908,2015,9,8,2,19,757,0,,2
20150909,2015,9,9,3,19,758,0,2.0,2
20150910,2015,9,10,4,19,753,0,,3
20150911,2015,9,11,5,24,746,0,2.0,3
20150912,2015,9,12,6,16,740,1,,3
20150914,2015,9,14,1,6,749,0,2.0,3
20150915,2015,9,15,2,8,755,0,2.0,4
20150916,2015,9,16,3,11,749,0,6.0,4
20150917,2015,9,17,4,8,758,0,,4
20150918,2015,9,18,5,11,755,0,2.0,4
20150919,2015,9,19,6,10,752,0,,5
20150921,2015,9,21,1,10,737,0,2.0,4
20150922,2015,9,22,2,7,750,0,2.0,4
20150923,2015,9,23,3,6,746,1,4.0,4
20150924,2015,9,24,4,7,752,0,2.0,3
20150925,2015,9,25,5,6,755,0,2.0,3
20150926,2015,9,26,6,8,758,0,2.0,4
20150928,2015,9,28,1,9,763,0,2.0,3
20150929,2015,9,29,2,7,756,0,6.0,4
20150930,2015,9,30,3,13,755,0,2.0,3
20151001,2015,10,1,4,17,746,0,2.0,3
20151002,2015,10,2,5,11,747,0,2.0,3
20151003,2015,10,3,6,14,736,0,2.0,2
20151005,2015,10,5,1,7,743,1,4.0,3
20151006,2015,10,6,2,8,758,0,6.0,3
20151007,2015,10,7,3,12,755,0,4.0,3
20151008,2015,10,8,4,16,751,0,2.0,3
20151009,2015,10,9,5,16,746,0,6.0,4
20151010,2015,10,10,6,10,757,0,,4
20151012,2015,10,12,1,6,753,0,2.0,2
20151013,2015,10,13,2,9,747,0,6.0,2
20151014,2015,10,14,3,0,749,2,10.0,2
20151015,2015,10,15,4,-2,760,0,2.0,3
20151016,2015,10,16,5,6,759,0,6.0,3
20151017,2015,10,17,6,1,752,0,2.0,4
20151019,2015,10,19,1,5,750,1,6.0,2
20151020,2015,10,20,2,6,748,1,10.0,2
20151021,2015,10,21,3,7,746,0,,4
20151022,2015,10,22,4,5,746,0,,2
20151023,2015,10,23,5,0,755,2,,2
20151024,2015,10,24,6,-2,761,2,6.0,2
20151026,2015,10,26,1,1,757,2,,4
20151027,2015,10,27,2,1,763,0,,2
20151028,2015,10,28,3,4,761,0,2.0,3
20151029,2015,10,29,4,3,755,1,4.0,3
20151030,2015,10,30,5,5,747,1,6.0,2
20151031,2015,10,31,6,3,753,0,6.0,1
20151109,2015,11,9,1,-3,754,2,6.0,3
20151110,2015,11,10,2,-7,756,2,2.0,2
20151111,2015,11,11,3,-7,755,0,,2
20151112,2015,11,12,4,-8,758,0,2.0,3
20151113,2015,11,13,5,-8,761,0,2.0,3
20151114,2015,11,14,6,-12,760,0,2.0,5
20151116,2015,11,16,1,-10,764,0,2.0,5
20151117,2015,11,17,2,-10,764,0,2.0,5
20151118,2015,11,18,3,-14,767,0,2.0,6
20151119,2015,11,19,4,-15,767,0,2.0,7
20151120,2015,11,20,5,-13,762,0,4.0,5
20151121,2015,11,21,6,-13,764,0,2.0,5
20151123,2015,11,23,1,-16,769,0,2.0,4
20151124,2015,11,24,2,-1,751,2,2.0,5
20151125,2015,11,25,3,1,752,2,2.0,5
20151126,2015,11,26,4,-5,755,0,,4
20151127,2015,11,27,5,-6,755,0,,7
20151128,2015,11,28,6,-1,746,0,6.0,4
20151130,2015,11,30,1,-1,758,0,2.0,5
20151201,2015,12,1,2,-1,763,0,2.0,4
20151202,2015,12,2,3,-7,760,0,,4
20151203,2015,12,3,4,-7,759,0,,4
20151204,2015,12,4,5,-5,752,0,,3
20151205,2015,12,5,6,0,745,2,2.0,5
20151207,2015,12,7,1,-6,753,0,4.0,3
20151208,2015,12,8,2,-2,739,0,8.0,3
20151209,2015,12,9,3,2,737,0,10.0,3
20151210,2015,12,10,4,-3,747,0,3.0,3
20151211,2015,12,11,5,-6,758,0,7.0,4
20151212,2015,12,12,6,-2,754,2,5.0,4
20151214,2015,12,14,1,-8,763,0,4.0,3
20151215,2015,12,15,2,-8,758,0,2.0,2
20151216,2015,12,16,3,-10,758,0,1.0,3
20151217,2015,12,17,4,-4,751,0,5.0,2
20151218,2015,12,18,5,-7,754,0,2.0,2
20151219,2015,12,19,6,-9,743,2,11.0,3
20151221,2015,12,21,1,-21,762,2,3.0,2
20151222,2015,12,22,2,-22,761,0,2.0,2
20151223,2015,12,23,3,-7,746,2,6.0,1
20151224,2015,12,24,4,1,738,2,3.0,1
20151225,2015,12,25,5,0,748,2,3.0,0
20151226,2015,12,26,6,1,748,0,5.0,1
20170113,2017,1,13,5,-20,758,0,,4
20170114,2017,1,14,6,-14,759,0,3.0,5
20170116,2017,1,16,1,-19,767,0,,2
20170117,2017,1,17,2,-18,768,0,1.0,3
20170118,2017,1,18,3,-18,767,2,2.0,4
20170119,2017,1,19,4,-19,766,0,1.0,3
20170120,2017,1,20,5,-14,758,0,4.0,4
20170121,2017,1,21,6,-7,750,0,5.0,6
20170123,2017,1,23,1,-2,743,2,7.0,3
20170124,2017,1,24,2,-13,755,0,7.0,3
20170125,2017,1,25,3,-10,757,2,10.0,3
20170126,2017,1,26,4,-15,762,0,2.0,3
20170127,2017,1,27,5,-18,766,0,1.0,6
20170128,2017,1,28,6,-21,759,0,1.0,6
20170130,2017,1,30,1,-17,762,0,1.0,5
20170131,2017,1,31,2,-16,759,0,2.0,5
20170201,2017,2,1,3,-14,757,0,4.0,6
20170202,2017,2,2,4,-8,755,2,2.0,6
20170203,2017,2,3,5,-6,752,2,2.0,6
20170204,2017,2,4,6,-8,750,0,10.0,6
20170206,2017,2,6,1,-15,770,0,5.0,7
20170207,2017,2,7,2,-11,763,0,6.0,7
20170208,2017,2,8,3,-10,760,0,3.0,8
20170209,2017,2,9,4,-4,749,0,4.0,7
20170210,2017,2,10,5,-20,756,2,9.0,7
20170211,2017,2,11,6,-22,764,0,3.0,7
20170213,2017,2,13,1,-18,767,0,,6
20170214,2017,2,14,2,-18,764,0,4.0,4
20170215,2017,2,15,3,-16,766,0,5.0,5
20170216,2017,2,16,4,-11,761,0,1.0,5
20170217,2017,2,17,5,-9,746,2,2.0,5
20170218,2017,2,18,6,-12,759,0,1.0,4
20170220,2017,2,20,1,-8,749,0,10.0,5
20170221,2017,2,21,2,-2,749,2,10.0,4
20170222,2017,2,22,3,0,755,0,4.0,5
20170225,2017,2,25,6,-4,755,0,1.0,5
20170227,2017,2,27,1,0,760,0,4.0,4
20170228,2017,2,28,2,-1,761,0,1.0,5
20170224,2017,2,24,5,0,758,0,1.0,0
20170301,2017,3,1,3,0,755,2,1.0,4
20170302,2017,3,2,4,-4,758,0,2.0,3
20170303,2017,3,3,5,-3,761,0,6.0,5
20170304,2017,3,4,6,-2,764,0,4.0,5
20170306,2017,3,6,1,-7,764,0,2.0,2
20170307,2017,3,7,2,-6,760,0,1.0,3
20170309,2017,3,9,4,-4,762,0,2.0,3
20170310,2017,3,10,5,-7,765,0,1.0,3
20170311,2017,3,11,6,-6,765,0,1.0,3
20170313,2017,3,13,1,-3,757,0,4.0,3
20170314,2017,3,14,2,-3,752,0,5.0,3
20170315,2017,3,15,3,-5,761,0,2.0,3
20170316,2017,3,16,4,-3,765,0,1.0,3
20170317,2017,3,17,5,-2,765,0,1.0,3
20170318,2017,3,18,6,-2,764,0,2.0,2
20170320,2017,3,20,1,-2,763,0,1.0,3
20170321,2017,3,21,2,7,762,0,3.0,3
20170322,2017,3,22,3,7,766,0,2.0,3
20170323,2017,3,23,4,-1,767,0,1.0,3
20170324,2017,3,24,5,6,761,0,1.0,3
20170403,2017,4,3,1,-2,757,0,5.0,2
20170404,2017,4,4,2,-2,746,0,14.0,2
20170405,2017,4,5,3,-2,753,0,3.0,2
20170406,2017,4,6,4,0,753,0,5.0,2
20170407,2017,4,7,5,1,755,0,4.0,3
20170408,2017,4,8,6,5,757,0,3.0,4
20170410,2017,4,10,1,9,758,0,1.0,3
20170411,2017,4,11,2,10,750,0,1.0,2
20170412,2017,4,12,3,14,746,0,2.0,4
20170413,2017,4,13,4,5,746,0,1.0,3
20170414,2017,4,14,5,9,749,0,3.0,4
20170415,2017,4,15,6,6,755,0,3.0,5
20170417,2017,4,17,1,2,746,0,5.0,4
20170418,2017,4,18,2,5,752,0,3.0,4
20170419,2017,4,19,3,10,750,0,5.0,4
20170420,2017,4,20,4,8,755,0,1.0,4
20170421,2017,4,21,5,6,756,0,3.0,4
20170422,2017,4,22,6,13,746,0,3.0,5
20170424,2017,4,24,1,6,752,0,3.0,4
20170425,2017,4,25,2,15,761,0,2.0,3
20170426,2017,4,26,3,21,755,0,1.0,3
20170427,2017,4,27,4,18,749,0,3.0,4
20170428,2017,4,28,5,13,754,0,2.0,3
20170429,2017,4,29,6,9,752,0,5.0,4
20170502,2017,5,2,2,4,755,0,3.0,3
20170503,2017,5,3,3,2,763,0,3.0,4
20170504,2017,5,4,4,13,749,0,4.0,4
20170505,2017,5,5,5,20,744,0,5.0,5
20170506,2017,5,6,6,20,733,0,5.0,5
20170508,2017,5,8,1,15,743,0,6.0,8
20170510,2017,5,10,3,15,752,0,2.0,3
20170511,2017,5,11,4,16,743,0,2.0,4
20170512,2017,5,12,5,19,752,0,2.0,3
20170513,2017,5,13,6,18,753,0,1.0,4
20170515,2017,5,15,1,14,749,0,1.0,3
20170516,2017,5,16,2,14,750,0,3.0,2
20170517,2017,5,17,3,6,756,0,3.0,3
20170518,2017,5,18,4,9,758,0,3.0,3
20170519,2017,5,19,5,14,756,0,5.0,2
20170520,2017,5,20,6,18,751,0,3.0,1
20170522,2017,5,22,1,22,748,0,4.0,3
20170523,2017,5,23,2,25,742,0,4.0,3
20170524,2017,5,24,3,23,744,0,5.0,4
20170525,2017,5,25,4,16,749,0,3.0,2
20170526,2017,5,26,5,13,756,0,2.0,2
20170527,2017,5,27,6,19,755,0,1.0,3
20170529,2017,5,29,1,21,743,0,3.0,2
20170530,2017,5,30,2,20,737,0,4.0,2
20170531,2017,5,31,3,12,751,0,3.0,2
20170601,2017,6,1,4,18,746,0,2.0,1
20170602,2017,6,2,5,16,752,0,3.0,1
20170603,2017,6,3,6,18,753,0,3.0,1
20170605,2017,6,5,1,25,750,0,1.0,2
20170606,2017,6,6,2,23,749,0,3.0,1
20170607,2017,6,7,3,23,746,0,1.0,1
20170608,2017,6,8,4,19,747,0,2.0,1
20170609,2017,6,9,5,21,741,0,5.0,1
20170610,2017,6,10,6,17,738,0,5.0,1
20170613,2017,6,13,2,21,752,0,3.0,1
20170614,2017,6,14,3,23,749,0,3.0,0
20170615,2017,6,15,4,25,749,0,1.0,0
20170616,2017,6,16,5,30,747,0,2.0,0
20160901,2016,9,1,4,17,758,0,3.0,0
20160902,2016,9,2,5,21,755,0,1.0,1
20160905,2016,9,5,1,25,750,0,,1
20160906,2016,9,6,2,23,748,0,2.0,1
20160907,2016,9,7,3,24,748,0,1.0,2
20160908,2016,9,8,4,25,747,0,4.0,1
20160909,2016,9,9,5,22,745,0,2.0,2
20160910,2016,9,10,6,20,750,0,2.0,2
20160912,2016,9,12,1,16,751,0,6.0,2
20160913,2016,9,13,2,21,750,0,2.0,2
20160914,2016,9,14,3,19,753,0,5.0,3
20160915,2016,9,15,4,22,755,0,1.0,3
20160916,2016,9,16,5,23,753,0,2.0,3
20160917,2016,9,17,6,23,749,0,1.0,3
20160919,2016,9,19,1,23,749,0,1.0,3
20160920,2016,9,20,2,19,752,0,1.0,3
20160921,2016,9,21,3,21,752,0,1.0,3
20160922,2016,9,22,4,13,755,0,2.0,2
20160923,2016,9,23,5,17,757,0,2.0,2
20160924,2016,9,24,6,17,758,0,2.0,3
20160926,2016,9,26,1,15,756,0,2.0,3
20160927,2016,9,27,2,14,755,0,2.0,3
20160928,2016,9,28,3,15,752,0,1.0,2
20160929,2016,9,29,4,12,749,0,2.0,2
20160930,2016,9,30,5,10,752,0,2.0,2
20161001,2016,10,1,6,7,749,0,2.0,1
20161003,2016,10,3,1,6,761,0,2.0,4
20161004,2016,10,4,2,8,763,0,1.0,4
20161005,2016,10,5,3,8,763,0,1.0,3
20161006,2016,10,6,4,6,761,0,2.0,2
20161007,2016,10,7,5,5,751,1,1.0,3
20161008,2016,10,8,6,0,757,2,1.0,3
20161010,2016,10,10,1,2,751,0,1.0,3
20161011,2016,10,11,2,1,752,2,1.0,3
20161012,2016,10,12,3,2,752,0,1.0,3
20161013,2016,10,13,4,2,749,0,2.0,4
20161014,2016,10,14,5,2,758,0,4.0,3
20161015,2016,10,15,6,2,755,2,8.0,4
20161017,2016,10,17,1,0,758,0,1.0,2
20161018,2016,10,18,2,1,754,0,4.0,2
20161019,2016,10,19,3,-1,753,0,2.0,2
20161020,2016,10,20,4,0,757,2,4.0,3
20161021,2016,10,21,5,-1,759,2,1.0,3
20161022,2016,10,22,6,-2,764,0,1.0,3
20161024,2016,10,24,1,-5,755,2,3.0,2
20161025,2016,10,25,2,-5,755,0,2.0,3
20161026,2016,10,26,3,-4,764,2,2.0,3
20161027,2016,10,27,4,0,767,2,1.0,3
20161028,2016,10,28,5,0,767,2,1.0,3
20161029,2016,10,29,6,-2,767,0,1.0,3
20161031,2016,10,31,1,0,759,2,4.0,3
20161101,2016,11,1,2,3,751,1,8.0,3
20161102,2016,11,2,3,1,750,0,7.0,4
20161103,2016,11,3,4,-4,751,0,1.0,4
20161111,2016,11,11,5,-12,745,0,,3
20161112,2016,11,12,6,-12,752,2,1.0,3
20161114,2016,11,14,1,-13,747,2,3.0,4
20161115,2016,11,15,2,-21,756,0,2.0,2
20161116,2016,11,16,3,-27,764,0,5.0,2
20161117,2016,11,17,4,-25,767,0,3.0,4
20161118,2016,11,18,5,-23,773,2,2.0,4
20161119,2016,11,19,6,-26,776,0,2.0,7
20161121,2016,11,21,1,-22,780,0,2.0,4
20161122,2016,11,22,2,-18,770,2,6.0,3
20161123,2016,11,23,3,-10,753,0,6.0,4
20161124,2016,11,24,4,-10,752,0,2.0,3
20161125,2016,11,25,5,-8,748,0,5.0,4
20161126,2016,11,26,6,-6,749,0,3.0,3
20161128,2016,11,28,1,-5,754,2,11.0,3
20161129,2016,11,29,2,-3,761,2,1.0,3
20161130,2016,11,30,3,-3,752,0,7.0,3
20161201,2016,12,1,4,-5,748,0,7.0,3
20161202,2016,12,2,5,-12,758,0,2.0,3
20161203,2016,12,3,6,-20,764,0,1.0,3
20161205,2016,12,5,1,-8,746,2,6.0,3
20161206,2016,12,6,2,-6,747,2,3.0,4
20161207,2016,12,7,3,-12,755,0,5.0,4
20161208,2016,12,8,4,-9,753,0,5.0,4
20161209,2016,12,9,5,-2,740,2,9.0,4
20161210,2016,12,10,6,-18,755,2,6.0,3
20161212,2016,12,12,1,-2,750,0,6.0,2
20161213,2016,12,13,2,-12,760,0,3.0,3
20161214,2016,12,14,3,1,751,0,7.0,3
20161215,2016,12,15,4,-1,746,0,4.0,3
20161216,2016,12,16,5,-14,754,0,1.0,4
20161217,2016,12,17,6,-15,752,0,2.0,3
20161219,2016,12,19,1,-15,756,2,7.0,3
20161220,2016,12,20,2,-10,758,2,8.0,3
20161221,2016,12,21,3,-14,750,2,3.0,3
20161222,2016,12,22,4,-29,763,0,1.0,3
20161223,2016,12,23,5,-27,758,2,2.0,2
20161224,2016,12,24,6,-27,762,0,5.0,2
20161226,2016,12,26,1,-13,761,2,4.0,1
20161227,2016,12,27,2,-13,757,0,2.0,0
20161228,2016,12,28,3,-6,755,0,9.0,0
20161229,2016,12,29,4,-10,755,2,6.0,1
20180112,2018,1,12,5,-10,749,0,2.0,2
20180113,2018,1,13,6,-17,751,0,,3
20180115,2018,1,15,1,-20,751,0,,3
20180116,2018,1,16,2,-14,746,0,2.0,2
20180117,2018,1,17,3,-11,750,0,4.0,3
20180118,2018,1,18,4,-13,758,0,2.0,2
20180119,2018,1,19,5,-13,761,0,1.0,3
20180120,2018,1,20,6,-28,767,0,2.0,9
20180122,2018,1,22,1,-25,770,0,2.0,10
20180123,2018,1,23,2,-31,771,0,2.0,9
20180124,2018,1,24,3,-27,771,0,1.0,9
20180125,2018,1,25,4,-27,772,0,1.0,9
20180126,2018,1,26,5,-23,775,0,1.0,7
20180127,2018,1,27,6,-25,775,0,1.0,7
20180129,2018,1,29,1,-14,758,0,1.0,2
20180130,2018,1,30,2,-16,764,0,2.0,4
20180131,2018,1,31,3,-16,765,0,1.0,3
20180201,2018,2,1,4,-12,762,0,,3
20180202,2018,2,2,5,-12,760,0,1.0,4
20180203,2018,2,3,6,-8,758,0,1.0,5
20180205,2018,2,5,1,-7,763,0,2.0,4
20180206,2018,2,6,2,-14,761,0,,4
20180207,2018,2,7,3,-13,764,0,1.0,5
20180208,2018,2,8,4,-9,768,0,2.0,5
20180209,2018,2,9,5,-9,767,0,1.0,5
20180210,2018,2,10,6,-6,761,0,2.0,6
20180212,2018,2,12,1,-7,753,0,1.0,4
20180213,2018,2,13,2,-10,753,0,1.0,5
20180214,2018,2,14,3,-8,750,0,2.0,4
20180215,2018,2,15,4,-9,749,0,2.0,4
20180216,2018,2,16,5,-16,760,0,1.0,5
20180217,2018,2,17,6,-18,764,0,1.0,5
20180219,2018,2,19,1,-13,761,0,1.0,6
20180220,2018,2,20,2,-6,760,0,2.0,6
20180221,2018,2,21,3,-5,753,0,1.0,6
20180222,2018,2,22,4,-4,745,0,4.0,5
20180224,2018,2,24,6,-10,749,0,1.0,8
20180226,2018,2,26,1,-13,757,0,2.0,5
20180227,2018,2,27,2,-13,759,0,2.0,5
20180228,2018,2,28,3,-11,748,0,3.0,6
20180301,2018,3,1,4,-11,738,0,3.0,5
20180302,2018,3,2,5,-16,746,0,1.0,6
20180303,2018,3,3,6,-12,755,0,1.0,6
20180305,2018,3,5,1,0,750,0,,4
20180306,2018,3,6,2,-2,750,0,2.0,4
20180307,2018,3,7,3,-2,742,0,1.0,4
20180309,2018,3,9,5,-7,747,0,1.0,7
20180310,2018,3,10,6,-6,743,0,3.0,4
20180312,2018,3,12,1,-10,755,0,2.0,3
20180313,2018,3,13,2,-8,759,0,2.0,4
20180314,2018,3,14,3,-7,752,0,2.0,3
20180315,2018,3,15,4,0,752,0,1.0,4
20180316,2018,3,16,5,-1,753,0,2.0,5
20180317,2018,3,17,6,-1,754,0,2.0,4
20180319,2018,3,19,1,4,743,0,2.0,3
20180320,2018,3,20,2,-5,757,0,2.0,3
20180321,2018,3,21,3,-4,745,0,1.0,3
20180322,2018,3,22,4,-1,744,0,1.0,2
20180402,2018,4,2,1,1,757,0,2.0,4
20180403,2018,4,3,2,-1,754,0,3.0,3
20180404,2018,4,4,3,-4,767,0,2.0,3
20180405,2018,4,5,4,4,760,0,1.0,3
20180406,2018,4,6,5,8,748,0,2.0,3
20180407,2018,4,7,6,6,745,0,1.0,4
20180409,2018,4,9,1,5,745,0,2.0,3
20180410,2018,4,10,2,3,743,0,1.0,3
20180411,2018,4,11,3,1,749,0,4.0,4
20180412,2018,4,12,4,10,747,0,2.0,3
20180413,2018,4,13,5,13,739,0,2.0,4
20180414,2018,4,14,6,5,743,0,3.0,5
20180416,2018,4,16,1,12,737,0,2.0,3
20180417,2018,4,17,2,2,744,0,5.0,4
20180418,2018,4,18,3,1,751,0,3.0,4
20180419,2018,4,19,4,6,747,0,1.0,3
20180420,2018,4,20,5,9,749,0,4.0,4
20180421,2018,4,21,6,16,744,0,2.0,5
20180423,2018,4,23,1,12,740,0,1.0,3
20180424,2018,4,24,2,11,746,0,1.0,3
20180425,2018,4,25,3,14,745,0,,3
20180426,2018,4,26,4,7,749,0,4.0,3
20180427,2018,4,27,5,9,752,0,3.0,3
20180428,2018,4,28,6,9,746,0,,4
20180430,2018,4,30,1,20,740,0,2.0,1
20180503,2018,5,3,4,10,751,0,2.0,3
20180504,2018,5,4,5,11,748,0,1.0,4
20180505,2018,5,5,6,2,732,0,3.0,4
20180507,2018,5,7,1,5,748,0,4.0,4
20180508,2018,5,8,2,5,740,0,1.0,4
20180510,2018,5,10,4,13,752,0,1.0,4
20180511,2018,5,11,5,18,737,0,1.0,4
20180512,2018,5,12,6,10,733,0,4.0,5
20180514,2018,5,14,1,11,741,0,4.0,3
20180515,2018,5,15,2,8,737,0,2.0,3
20180516,2018,5,16,3,6,741,0,3.0,4
20180517,2018,5,17,4,1,746,0,3.0,3
20180518,2018,5,18,5,9,743,0,2.0,3
20180519,2018,5,19,6,2,746,0,5.0,2
20180521,2018,5,21,1,17,745,0,1.0,4
20180522,2018,5,22,2,11,738,0,1.0,4
20180523,2018,5,23,3,11,736,0,2.0,3
20180524,2018,5,24,4,6,749,0,3.0,2
20180525,2018,5,25,5,9,742,0,1.0,2
20180526,2018,5,26,6,12,740,0,1.0,4
20180528,2018,5,28,1,8,743,0,2.0,1
20180529,2018,5,29,2,19,741,0,2.0,3
20180530,2018,5,30,3,25,734,0,2.0,1
20180531,2018,5,31,4,7,743,0,3.0,1
20180502,2018,5,2,3,7,748,0,1.0,0
20170904,2017,9,4,1,22,744,0,2.0,1
20170905,2017,9,5,2,16,747,0,1.0,1
20170906,2017,9,6,3,16,744,0,1.0,2
20170907,2017,9,7,4,8,738,0,1.0,1
20170908,2017,9,8,5,9,746,0,2.0,2
20170909,2017,9,9,6,11,749,0,1.0,2
20170911,2017,9,11,1,18,734,0,2.0,2
20170912,2017,9,12,2,15,737,0,1.0,2
20170913,2017,9,13,3,10,750,0,2.0,3
20170914,2017,9,14,4,10,753,0,3.0,3
20170915,2017,9,15,5,18,747,0,3.0,3
20170916,2017,9,16,6,20,743,0,3.0,4
20170918,2017,9,18,1,19,742,0,2.0,3
20170919,2017,9,19,2,11,743,0,2.0,3
20170920,2017,9,20,3,9,751,0,2.0,4
20170921,2017,9,21,4,12,738,0,3.0,3
20170922,2017,9,22,5,5,745,0,,4
20170923,2017,9,23,6,2,745,0,1.0,5
20170925,2017,9,25,1,4,758,0,2.0,4
20170926,2017,9,26,2,5,759,0,1.0,4
20170927,2017,9,27,3,6,755,0,1.0,3
20170928,2017,9,28,4,6,747,0,2.0,3
20170929,2017,9,29,5,5,748,0,1.0,5
20170930,2017,9,30,6,5,752,0,2.0,4
20171002,2017,10,2,1,5,749,0,1.0,3
20171003,2017,10,3,2,9,740,0,1.0,2
20171004,2017,10,4,3,4,743,0,1.0,3
20171005,2017,10,5,4,3,747,0,,2
20171006,2017,10,6,5,3,756,0,1.0,3
20171007,2017,10,7,6,6,766,0,,3
20171009,2017,10,9,1,6,761,0,,2
20171010,2017,10,10,2,8,758,0,1.0,3
20171011,2017,10,11,3,8,753,0,2.0,3
20171012,2017,10,12,4,6,759,0,1.0,3
20171013,2017,10,13,5,5,757,0,1.0,4
20171014,2017,10,14,6,8,753,0,1.0,4
20171016,2017,10,16,1,6,746,0,2.0,3
20171017,2017,10,17,2,8,752,0,2.0,3
20171018,2017,10,18,3,5,746,0,2.0,3
20171019,2017,10,19,4,7,746,0,1.0,3
20171020,2017,10,20,5,6,742,0,2.0,3
20171021,2017,10,21,6,6,741,0,,4
20171023,2017,10,23,1,1,753,0,1.0,2
20171024,2017,10,24,2,8,741,0,1.0,2
20171025,2017,10,25,3,0,746,0,2.0,2
20171026,2017,10,26,4,-1,755,0,3.0,2
20171027,2017,10,27,5,-1,759,0,1.0,2
20171028,2017,10,28,6,5,745,0,2.0,2
20171106,2017,11,6,1,-1,749,0,3.0,6
20171107,2017,11,7,2,-1,746,0,2.0,4
20171108,2017,11,8,3,-1,754,0,1.0,3
20171109,2017,11,9,4,3,743,0,1.0,3
20171110,2017,11,10,5,-1,743,0,4.0,4
20171111,2017,11,11,6,-10,757,0,3.0,4
20171113,2017,11,13,1,-3,753,0,,3
20171114,2017,11,14,2,-2,751,0,1.0,3
20171115,2017,11,15,3,-14,758,0,2.0,4
20171116,2017,11,16,4,-15,761,0,1.0,4
20171117,2017,11,17,5,-7,755,0,1.0,4
20171118,2017,11,18,6,-2,750,0,1.0,5
20171120,2017,11,20,1,-2,758,0,2.0,4
20171121,2017,11,21,2,-2,759,0,2.0,4
20171122,2017,11,22,3,-2,759,0,2.0,4
20171123,2017,11,23,4,-4,758,0,1.0,3
20171124,2017,11,24,5,-4,756,0,1.0,4
20171125,2017,11,25,6,-5,745,0,1.0,5
20171127,2017,11,27,1,-10,762,0,1.0,5
20171128,2017,11,28,2,-8,760,0,,4
20171201,2017,12,1,5,-10,759,0,1.0,5
20171202,2017,12,2,6,-11,762,0,,6
20171204,2017,12,4,1,-10,759,0,1.0,3
20171205,2017,12,5,2,-7,755,0,2.0,3
20171206,2017,12,6,3,-8,761,0,1.0,3
20171207,2017,12,7,4,-8,763,0,1.0,4
20171208,2017,12,8,5,-6,760,0,1.0,3
20171209,2017,12,9,6,-7,752,0,,4
20171211,2017,12,11,1,-6,754,0,1.0,3
20171212,2017,12,12,2,-10,758,0,,4
20171213,2017,12,13,3,-14,768,0,,4
20171214,2017,12,14,4,-17,771,0,,4
20171215,2017,12,15,5,-20,772,0,1.0,4
20171216,2017,12,16,6,-19,768,0,1.0,4
20171218,2017,12,18,1,-18,769,0,,2
20171219,2017,12,19,2,-21,764,0,,3
20171220,2017,12,20,3,-20,757,0,,2
20171221,2017,12,21,4,-16,754,0,1.0,2
20171222,2017,12,22,5,-12,757,0,1.0,2
20171223,2017,12,23,6,-8,755,0,,2
20171225,2017,12,25,1,1,736,0,1.0,2
20171226,2017,12,26,2,-6,737,0,3.0,1
20171227,2017,12,27,3,-3,740,0,1.0,0
20171228,2017,12,28,4,-13,758,0,3.0,0
20180601,2018,6,1,5,24,745,0,2.0,1
20180602,2018,6,2,6,27,738,0,2.0,1
20180604,2018,6,4,1,14,743,0,3.0,0
20180605,2018,6,5,2,20,744,0,2.0,1
20180606,2018,6,6,3,28,749,0,1.0,0
20180607,2018,6,7,4,30,746,0,1.0,0
20180608,2018,6,8,5,29,740,0,1.0,0
20180609,2018,6,9,6,22,740,0,1.0,0
20190114,2019,1,14,1,-7,746,0,1.0,3
20190115,2019,1,15,2,-8,751,0,1.0,3
20190116,2019,1,16,3,-13,758,0,,3
20190117,2019,1,17,4,-10,757,0,1.0,3
20190118,2019,1,18,5,-7,751,0,2.0,4
20190119,2019,1,19,6,-2,749,0,1.0,5
20190121,2019,1,21,1,-4,755,0,2.0,4
20190122,2019,1,22,2,-10,756,0,,4
20190123,2019,1,23,3,-10,755,0,1.0,3
20190124,2019,1,24,4,-17,758,0,1.0,4
20190125,2019,1,25,5,-13,751,0,2.0,5
20190126,2019,1,26,6,-21,752,0,2.0,5
20190128,2019,1,28,1,-23,766,0,1.0,4
20190129,2019,1,29,2,-14,752,0,1.0,4
20190130,2019,1,30,3,-20,752,0,2.0,5
20190201,2019,2,1,5,-32,764,0,2.0,9
20190204,2019,2,4,1,-35,763,0,,10
20190205,2019,2,5,2,-24,761,0,1.0,7
20190206,2019,2,6,3,-24,756,0,2.0,8
20190207,2019,2,7,4,-28,768,0,1.0,7
20190208,2019,2,8,5,-26,770,0,1.0,7
20190209,2019,2,9,6,-17,763,0,1.0,8
20190211,2019,2,11,1,-19,756,0,,3
20190212,2019,2,12,2,-14,758,0,,3
20190213,2019,2,13,3,-12,759,0,1.0,3
20190214,2019,2,14,4,-12,760,0,1.0,4
20190215,2019,2,15,5,-7,756,0,1.0,5
20190216,2019,2,16,6,-8,764,0,9.0,3
20190218,2019,2,18,1,-6,753,0,4.0,4
20190219,2019,2,19,2,-7,755,0,5.0,4
20190220,2019,2,20,3,-6,753,0,4.0,4
20190221,2019,2,21,4,-1,747,0,4.0,4
20190222,2019,2,22,5,-3,744,0,3.0,4
20190301,2019,3,1,5,-6,750,0,3.0,4
20190302,2019,3,2,6,-3,750,0,2.0,5
20190304,2019,3,4,1,2,750,0,4.0,3
20190305,2019,3,5,2,-5,755,0,7.0,3
20190306,2019,3,6,3,-4,757,2,3.0,5
20190307,2019,3,7,4,-1,757,0,7.0,3
20190309,2019,3,9,6,-6,763,0,1.0,1
20190311,2019,3,11,1,-5,758,0,4.0,3
20190312,2019,3,12,2,0,760,0,3.0,4
20190313,2019,3,13,3,3,756,0,2.0,3
20190314,2019,3,14,4,3,758,0,2.0,3
20190315,2019,3,15,5,3,750,0,2.0,3
20190316,2019,3,16,6,0,750,0,4.0,5
20190318,2019,3,18,1,-7,766,0,2.0,3
20190319,2019,3,19,2,-5,763,0,2.0,3
20190320,2019,3,20,3,-4,765,0,2.0,4
20190321,2019,3,21,4,1,763,0,2.0,3
20190322,2019,3,22,5,3,756,0,2.0,4
20190323,2019,3,23,6,7,754,0,,3
20190325,2019,3,25,1,4,760,0,1.0,3
20190326,2019,3,26,2,4,762,0,3.0,2
20190404,2019,4,4,4,7,755,0,3.0,2
20190405,2019,4,5,5,5,752,0,2.0,3
20190406,2019,4,6,6,11,753,0,3.0,6
20190408,2019,4,8,1,4,764,0,3.0,3
20190409,2019,4,9,2,10,755,0,1.0,2
20190410,2019,4,10,3,11,755,0,3.0,3
20190411,2019,4,11,4,5,759,0,2.0,3
20190412,2019,4,12,5,10,756,0,5.0,4
20190413,2019,4,13,6,12,748,0,3.0,5
20190415,2019,4,15,1,3,749,0,2.0,3
20190416,2019,4,16,2,3,747,0,3.0,4
20190417,2019,4,17,3,5,744,0,4.0,3
20190418,2019,4,18,4,-6,750,0,4.0,4
20190419,2019,4,19,5,2,758,0,4.0,4
20190420,2019,4,20,6,5,749,0,4.0,6
20190422,2019,4,22,1,8,758,0,3.0,3
20190423,2019,4,23,2,9,753,0,2.0,3
20190424,2019,4,24,3,12,749,0,1.0,5
20190425,2019,4,25,4,9,741,1,3.0,4
20190426,2019,4,26,5,9,746,0,4.0,6
20190427,2019,4,27,6,2,749,0,3.0,5
20190429,2019,4,29,1,12,743,0,5.0,4
20190430,2019,4,30,2,17,737,3,1.0,4
20190502,2019,5,2,4,7,758,0,2.0,7
20190503,2019,5,3,5,10,761,0,3.0,8
20190504,2019,5,4,6,12,761,0,1.0,3
20190506,2019,5,6,1,16,758,0,2.0,5
20190507,2019,5,7,2,21,757,0,2.0,5
20190508,2019,5,8,3,28,752,0,2.0,6
20190510,2019,5,10,5,14,761,0,2.0,8
20190511,2019,5,11,6,16,755,0,3.0,8
20190513,2019,5,13,1,5,752,0,3.0,4
20190514,2019,5,14,2,8,749,0,5.0,6
20190515,2019,5,15,3,8,752,0,1.0,5
20190516,2019,5,16,4,12,756,0,1.0,4
20190517,2019,5,17,5,11,756,0,5.0,5
20190518,2019,5,18,6,14,747,0,7.0,1
20190520,2019,5,20,1,16,744,0,5.0,4
20190521,2019,5,21,2,10,740,0,3.0,4
20190522,2019,5,22,3,13,744,0,3.0,3
20190523,2019,5,23,4,11,749,0,6.0,2
20190524,2019,5,24,5,16,751,0,2.0,2
20190525,2019,5,25,6,18,747,0,5.0,4
20190527,2019,5,27,1,14,761,0,4.0,3
20190528,2019,5,28,2,20,756,0,5.0,1
20190529,2019,5,29,3,24,751,0,3.0,1
20190530,2019,5,30,4,16,743,1,4.0,1
20190531,2019,5,31,5,14,746,0,5.0,1
20180903,2018,9,3,1,9,750,0,1.0,1
20180904,2018,9,4,2,13,756,0,1.0,1
20180905,2018,9,5,3,16,757,0,1.0,1
20180906,2018,9,6,4,20,751,0,1.0,1
20180907,2018,9,7,5,21,744,0,1.0,2
20180908,2018,9,8,6,17,742,0,3.0,2
20180910,2018,9,10,1,17,741,0,1.0,3
20180911,2018,9,11,2,6,748,0,1.0,3
20180912,2018,9,12,3,8,752,0,2.0,3
20180913,2018,9,13,4,12,752,0,,4
20180914,2018,9,14,5,19,743,0,2.0,4
20180915,2018,9,15,6,17,743,0,3.0,5
20180917,2018,9,17,1,10,751,0,1.0,4
20180918,2018,9,18,2,20,747,0,1.0,3
20180919,2018,9,19,3,22,744,0,1.0,2
20180920,2018,9,20,4,16,746,0,1.0,3
20180921,2018,9,21,5,14,743,0,1.0,3
20180922,2018,9,22,6,12,744,0,2.0,5
20180924,2018,9,24,1,20,753,0,2.0,3
20180925,2018,9,25,2,22,753,0,1.0,3
20180926,2018,9,26,3,23,747,0,1.0,3
20180927,2018,9,27,4,15,751,0,3.0,2
20180928,2018,9,28,5,17,752,0,2.0,3
20181001,2018,10,1,1,20,743,0,2.0,2
20181002,2018,10,2,2,9,747,0,1.0,3
20181003,2018,10,3,3,8,755,0,2.0,3
20181004,2018,10,4,4,12,756,0,1.0,3
20181005,2018,10,5,5,16,754,0,1.0,3
20181006,2018,10,6,6,20,752,0,1.0,5
20181008,2018,10,8,1,11,755,0,2.0,3
20181009,2018,10,9,2,15,750,0,1.0,3
20181010,2018,10,10,3,8,749,0,3.0,3
20181011,2018,10,11,4,10,749,0,2.0,2
20181012,2018,10,12,5,18,740,0,2.0,2
20181013,2018,10,13,6,16,732,0,2.0,3
20181015,2018,10,15,1,6,752,0,1.0,2
20181016,2018,10,16,2,2,746,0,1.0,2
20181017,2018,10,17,3,7,750,0,1.0,2
20181018,2018,10,18,4,7,745,0,2.0,3
20181019,2018,10,19,5,6,746,0,1.0,3
20181020,2018,10,20,6,3,748,0,1.0,5
20181022,2018,10,22,1,2,742,0,3.0,4
20181023,2018,10,23,2,-1,750,0,3.0,2
20181024,2018,10,24,3,5,752,0,2.0,3
20181025,2018,10,25,4,8,752,0,1.0,3
20181026,2018,10,26,5,10,755,0,1.0,4
20181027,2018,10,27,6,12,748,0,2.0,5
20181029,2018,10,29,1,3,752,0,2.0,6
20181106,2018,11,6,2,-3,748,0,,3
20181107,2018,11,7,3,-6,746,0,,3
20181108,2018,11,8,4,0,739,0,,3
20181109,2018,11,9,5,-13,746,0,,3
20181110,2018,11,10,6,-17,755,0,,4
20181112,2018,11,12,1,-15,756,0,,2
20181113,2018,11,13,2,-9,757,0,1.0,3
20181114,2018,11,14,3,-8,761,0,1.0,4
20181115,2018,11,15,4,-8,756,0,1.0,4
20181116,2018,11,16,5,-7,763,0,1.0,3
20181117,2018,11,17,6,-9,754,0,2.0,4
20181119,2018,11,19,1,-12,759,0,,5
20181120,2018,11,20,2,-6,752,0,1.0,3
20181121,2018,11,21,3,-6,747,0,1.0,4
20181122,2018,11,22,4,-2,741,0,1.0,3
20181123,2018,11,23,5,-3,744,0,3.0,5
20181124,2018,11,24,6,-4,731,0,2.0,4
20181126,2018,11,26,1,-8,752,0,,5
20181127,2018,11,27,2,-9,749,0,1.0,4
20181128,2018,11,28,3,-5,747,0,4.0,6
20181129,2018,11,29,4,-5,746,0,1.0,4
20181130,2018,11,30,5,-15,737,0,3.0,5
20181105,2018,11,5,1,0,748,0,2.0,0
20181201,2018,12,1,6,-21,758,0,1.0,5
20181203,2018,12,3,1,-15,757,0,2.0,4
20181204,2018,12,4,2,-25,772,0,1.0,4
20181205,2018,12,5,3,-28,773,0,,6
20181206,2018,12,6,4,-22,766,0,,5
20181207,2018,12,7,5,-19,761,0,1.0,6
20181208,2018,12,8,6,-15,761,0,1.0,6
20181210,2018,12,10,1,-16,758,0,,4
20181211,2018,12,11,2,-14,758,0,1.0,4
20181212,2018,12,12,3,-10,755,0,1.0,4
20181213,2018,12,13,4,-13,755,0,2.0,5
20181214,2018,12,14,5,-8,753,0,3.0,5
20181215,2018,12,15,6,-9,754,0,3.0,6
20181217,2018,12,17,1,-14,754,0,2.0,4
20181218,2018,12,18,2,-11,753,0,1.0,3
20181219,2018,12,19,3,-9,745,0,1.0,3
20181220,2018,12,20,4,-24,759,0,2.0,3
20181221,2018,12,21,5,-17,761,0,1.0,3
20181222,2018,12,22,6,-17,755,0,1.0,4
20181224,2018,12,24,1,-30,766,0,1.0,3
20181225,2018,12,25,2,-23,770,0,1.0,2
20181226,2018,12,26,3,-22,770,0,,1
20181227,2018,12,27,4,-23,770,0,,1
20181228,2018,12,28,5,-25,766,0,,0
20181229,2018,12,29,6,-21,758,0,1.0,0
