,date,temp,pres,prec,wind
0,20120101,-9,769,,3.0
1,20120102,-12,764,,1.0
2,20120103,-16,759,,
3,20120104,-13,756,,1.0
4,20120105,-9,757,snow,3.0
5,20120106,-18,764,,4.0
6,20120107,-11,766,snow,4.0
7,20120108,-6,765,,3.0
8,20120109,-6,767,,4.0
9,20120110,-11,766,snow,4.0
10,20120111,-13,764,,2.0
11,20120112,-15,762,,
12,20120113,-14,756,,3.0
13,20120114,-21,756,,1.0
14,20120115,-21,757,snow,1.0
15,20120116,-19,758,,2.0
16,20120117,-27,770,,1.0
17,20120118,-28,776,,2.0
18,20120119,-27,778,,2.0
19,20120120,-27,778,,2.0
20,20120121,-21,776,,1.0
21,20120122,-21,771,,2.0
22,20120123,-22,765,,6.0
23,20120124,-20,763,,2.0
24,20120125,-22,766,snow,2.0
25,20120126,-24,769,,1.0
26,20120127,-22,768,,3.0
27,20120128,-20,767,,
28,20120129,-28,764,snow,3.0
29,20120130,-25,765,,2.0
30,20120131,-29,775,,2.0
31,20120201,-31,774,,
32,20120202,-20,769,,3.0
33,20120203,-15,763,,2.0
34,20120204,-15,765,,
35,20120205,-23,777,,1.0
36,20120206,-15,777,,
37,20120207,-10,773,,1.0
38,20120208,-22,767,,
39,20120209,-18,759,,1.0
40,20120210,-22,762,,2.0
41,20120211,-17,763,snow,6.0
42,20120212,-14,765,,4.0
43,20120213,-16,771,snow,2.0
44,20120214,-14,771,,
45,20120215,-9,766,,3.0
46,20120216,-17,760,,2.0
47,20120217,-14,756,,2.0
48,20120218,-14,754,,1.0
49,20120219,-18,755,,2.0
50,20120220,-17,756,,1.0
51,20120221,-16,764,,2.0
52,20120222,-13,769,,
53,20120223,-14,768,,1.0
54,20120224,-17,764,,
55,20120225,-16,762,,2.0
56,20120226,-14,761,,1.0
57,20120227,-12,763,,1.0
58,20120228,-9,758,,1.0
59,20120301,-12,759,,
60,20120302,-13,760,,
61,20120303,-6,758,,
62,20120304,-6,754,,
63,20120305,-4,757,,
64,20120306,0,759,,
65,20120307,-1,760,,
66,20120308,0,761,,3.0
67,20120309,3,760,,
68,20120310,3,759,,
69,20120311,3,756,,2.0
70,20120312,-1,758,,2.0
71,20120313,-2,749,,
72,20120314,-5,753,,4.0
73,20120315,-5,758,,2.0
74,20120316,1,752,,1.0
75,20120317,-3,748,,4.0
76,20120318,1,742,,
77,20120319,-7,751,,9.0
78,20120320,0,746,,7.0
79,20120321,0,760,,3.0
80,20120322,1,757,,4.0
81,20120323,4,752,,3.0
82,20120324,2,750,,3.0
83,20120325,1,753,,3.0
84,20120326,4,747,,7.0
85,20120327,0,760,,4.0
86,20120328,0,766,,3.0
87,20120329,4,752,,5.0
88,20120330,1,760,,3.0
89,20120331,3,759,,2.0
90,20120401,6,758,,2.0
91,20120402,5,754,,2.0
92,20120403,6,762,,1.0
93,20120404,10,756,,4.0
94,20120405,9,755,,4.0
95,20120406,4,762,,3.0
96,20120407,8,748,,5.0
97,20120408,8,758,,2.0
98,20120409,6,764,,3.0
99,20120410,10,761,,2.0
100,20120411,13,753,,5.0
101,20120412,5,756,,1.0
102,20120413,11,749,,2.0
103,20120414,16,754,,2.0
104,20120415,14,746,,7.0
105,20120416,16,746,,2.0
106,20120417,9,749,,2.0
107,20120418,8,754,,
108,20120419,15,748,,1.0
109,20120420,20,740,,3.0
110,20120421,2,745,snow,3.0
111,20120422,6,756,,3.0
112,20120423,6,759,,1.0
113,20120424,7,749,,1.0
114,20120425,10,754,,6.0
115,20120426,5,755,,3.0
116,20120427,9,750,,3.0
117,20120428,9,749,,3.0
118,20120429,7,747,,2.0
119,20120430,8,741,,4.0
120,20120501,6,745,,2.0
121,20120502,19,744,,1.0
122,20120503,12,741,,4.0
123,20120504,9,744,,3.0
124,20120505,9,742,rain,6.0
125,20120506,12,747,,2.0
126,20120507,9,755,,3.0
127,20120508,8,754,,5.0
128,20120509,6,763,,2.0
129,20120510,7,763,,3.0
130,20120511,11,760,,3.0
131,20120512,17,753,,2.0
132,20120513,22,748,,1.0
133,20120514,21,747,,4.0
134,20120515,24,745,,4.0
135,20120516,11,749,,3.0
136,20120517,11,755,,5.0
137,20120518,15,748,,2.0
138,20120519,10,750,,2.0
139,20120520,9,757,,2.0
140,20120521,16,755,,3.0
141,20120522,18,751,,2.0
142,20120523,26,744,,3.0
143,20120524,18,738,storm,4.0
144,20120525,10,750,,2.0
145,20120526,9,757,,2.0
146,20120527,14,758,,3.0
147,20120528,16,756,,3.0
148,20120529,20,754,,3.0
149,20120530,26,751,,2.0
150,20120531,27,750,,1.0
151,20120601,28,749,,1.0
152,20120602,27,749,,3.0
153,20120603,28,746,,2.0
154,20120604,29,747,,1.0
155,20120605,28,745,,1.0
156,20120606,26,741,,3.0
157,20120607,20,746,,3.0
158,20120608,23,749,,1.0
159,20120609,26,748,,1.0
160,20120610,31,744,,3.0
161,20120611,29,744,,2.0
162,20120612,21,745,,5.0
163,20120613,27,742,,6.0
164,20120614,26,744,storm,2.0
165,20120615,23,742,storm,3.0
166,20120616,23,741,,2.0
167,20120617,27,740,,
168,20120618,27,741,,2.0
169,20120619,26,740,storm,3.0
170,20120620,24,744,,4.0
171,20120621,25,749,,4.0
172,20120622,26,749,,4.0
173,20120623,29,747,,2.0
174,20120624,29,744,,3.0
175,20120625,28,743,,3.0
176,20120626,28,745,,3.0
177,20120627,29,745,,5.0
178,20120628,29,745,,5.0
179,20120629,26,743,,2.0
180,20120630,24,743,storm,2.0
181,20121001,13,754,,
182,20121002,14,753,,2.0
183,20121003,16,750,,3.0
184,20121004,14,746,,8.0
185,20121005,8,750,,5.0
186,20121006,5,754,,2.0
187,20121007,9,757,,2.0
188,20121008,9,752,rain,4.0
189,20121009,11,748,,3.0
190,20121010,5,758,,3.0
191,20121011,5,763,,
192,20121012,6,762,,1.0
193,20121013,5,764,,1.0
194,20121014,6,764,,
195,20121015,7,761,,2.0
196,20121016,10,757,,1.0
197,20121017,12,753,,2.0
198,20121018,7,755,,2.0
199,20121019,3,756,,
200,20121020,5,747,rain,3.0
201,20121021,9,738,,3.0
202,20121022,2,745,,3.0
203,20121023,1,738,snow,
204,20121024,-5,748,snow,1.0
205,20121025,-3,758,,2.0
206,20121026,-2,760,,3.0
207,20121027,2,757,,10.0
208,20121028,5,760,,3.0
209,20121029,7,752,,5.0
210,20121030,1,754,snow,2.0
211,20121101,0,766,,3.0
212,20121102,0,763,,7.0
213,20121103,3,749,,4.0
214,20121104,0,745,snow,1.0
215,20121105,-4,757,snow,1.0
216,20121106,-1,750,snow,1.0
217,20121107,-11,753,snow,2.0
218,20121108,-14,764,,1.0
219,20121109,-12,763,,6.0
220,20121110,-3,753,snow,7.0
221,20121111,-2,759,,5.0
222,20121112,0,737,rain,9.0
223,20121113,-2,744,,3.0
224,20121114,-5,758,snow,9.0
225,20121115,0,750,,8.0
226,20121116,-1,740,snow,5.0
227,20121117,-4,754,snow,8.0
228,20121118,0,745,snow,5.0
229,20121119,-2,750,snow,1.0
230,20121120,-9,763,,1.0
231,20121121,-9,759,snow,10.0
232,20121122,-4,752,snow,7.0
233,20121123,-12,753,,2.0
234,20121124,-7,750,snow,4.0
235,20121125,-2,743,snow,5.0
236,20121126,-14,754,,2.0
237,20121127,-15,762,,2.0
238,20121128,-18,760,,
239,20121129,-14,749,snow,3.0
240,20121130,-17,751,snow,1.0
241,20121201,-22,758,snow,2.0
242,20121202,-15,760,,3.0
243,20121203,-16,762,snow,2.0
244,20121204,-17,760,,7.0
245,20121205,-13,756,,3.0
246,20121206,-17,765,,3.0
247,20121207,-12,753,,2.0
248,20121208,-15,759,,
249,20121209,-18,758,snow,
250,20121210,-26,759,,2.0
251,20121211,-32,763,,1.0
252,20121212,-33,762,,
253,20121213,-35,765,,
254,20121214,-36,769,,
255,20121215,-34,774,,1.0
256,20121216,-35,773,,1.0
257,20121217,-30,774,snow,4.0
258,20121218,-35,774,,2.0
259,20121219,-32,775,,7.0
260,20121220,-27,776,snow,2.0
261,20121221,-29,779,,3.0
262,20121222,-24,767,,2.0
263,20121223,-23,761,,1.0
264,20121224,-20,748,snow,2.0
265,20121225,-24,757,,
266,20121226,-24,761,,2.0
267,20121227,-22,771,,5.0
268,20121228,-14,766,snow,7.0
269,20121229,-10,758,snow,7.0
270,20121230,-15,763,,
271,20121231,-10,762,,1.0
272,20120901,23,751,,1.0
273,20120902,25,745,,1.0
274,20120903,23,741,,3.0
275,20120904,19,745,,3.0
276,20120905,16,744,,4.0
277,20120906,12,751,,3.0
278,20120907,19,752,,3.0
279,20120908,21,753,,3.0
280,20120909,21,756,,1.0
281,20120910,25,755,,1.0
282,20120911,24,750,,1.0
283,20120912,26,745,,1.0
284,20120913,17,748,rain,
285,20120914,18,744,,3.0
286,20120915,12,741,,10.0
287,20120916,13,748,,6.0
288,20120917,13,748,,4.0
289,20120918,20,742,,1.0
290,20120919,12,740,storm,1.0
291,20120920,11,744,rain,5.0
292,20120921,11,747,rain,6.0
293,20120922,10,751,,1.0
294,20120923,13,753,,1.0
295,20120924,12,752,,1.0
296,20120925,12,757,,4.0
297,20120926,16,754,,4.0
298,20120927,15,748,,3.0
299,20120928,14,750,,3.0
300,20120929,11,757,,1.0
301,20120930,14,755,,
302,20110101,-29,776,snow,1.0
303,20110102,-33,777,,
304,20110103,-34,778,,
305,20110104,-30,779,,
306,20110105,-33,778,,1.0
307,20110106,-31,777,,
308,20110107,-31,778,,1.0
309,20110108,-28,777,,
310,20110109,-25,770,,4.0
311,20110110,-23,763,,4.0
312,20110111,-19,753,snow,1.0
313,20110112,-23,763,snow,3.0
314,20110113,-12,761,,6.0
315,20110114,-13,766,,2.0
316,20110115,-13,768,,
317,20110116,-22,767,,1.0
318,20110117,-21,762,,
319,20110118,-10,766,,2.0
320,20110119,-13,769,,2.0
321,20110120,-18,771,,1.0
322,20110121,-19,771,,1.0
323,20110122,-25,770,,1.0
324,20110123,-25,768,,
325,20110124,-26,767,,
326,20110125,-25,772,,1.0
327,20110126,-20,773,,4.0
328,20110127,-10,767,,6.0
329,20110128,-10,763,,3.0
330,20110129,-8,752,,6.0
331,20110130,-3,745,snow,10.0
332,20110131,-11,754,,5.0
333,20110201,-9,752,,7.0
334,20110202,-11,756,,2.0
335,20110203,-4,739,snow,5.0
336,20110204,-11,754,,2.0
337,20110205,-13,750,,2.0
338,20110206,-10,753,,4.0
339,20110207,-10,756,,1.0
340,20110208,-9,752,,
341,20110209,-7,753,,3.0
342,20110210,-10,762,,3.0
343,20110211,-5,754,,3.0
344,20110212,-5,753,,4.0
345,20110213,-10,751,,
346,20110214,-16,758,,1.0
347,20110215,-10,756,,
348,20110216,-9,755,,3.0
349,20110217,-2,747,,6.0
350,20110218,-12,750,,6.0
351,20110219,-15,755,,4.0
352,20110220,-15,755,,
353,20110221,-21,761,snow,5.0
354,20110222,-24,763,,2.0
355,20110223,-18,762,,4.0
356,20110224,-15,769,,2.0
357,20110225,-16,773,,1.0
358,20110226,-15,770,,4.0
359,20110227,-16,771,,4.0
360,20110228,-14,769,,4.0
361,20110301,-13,766,,2.0
362,20110302,-10,758,,2.0
363,20110303,-14,758,,5.0
364,20110304,-12,759,,3.0
365,20110305,-10,759,,3.0
366,20110306,-6,761,,4.0
367,20110307,-2,757,,8.0
368,20110308,2,762,,3.0
369,20110309,2,749,,9.0
370,20110310,-8,748,snow,5.0
371,20110311,-10,758,,3.0
372,20110312,-12,772,,2.0
373,20110313,-4,773,,2.0
374,20110314,0,760,,2.0
375,20110315,1,740,snow,7.0
376,20110316,-3,759,,4.0
377,20110317,-3,753,snow,3.0
378,20110318,-7,767,,3.0
379,20110319,-7,768,snow,3.0
380,20110320,-1,772,,3.0
381,20110321,-2,773,,1.0
382,20110322,-5,768,,1.0
383,20110323,3,762,,
384,20110324,4,755,,11.0
385,20110325,4,744,,9.0
386,20110326,3,750,,4.0
387,20110327,0,758,,6.0
388,20110328,-2,753,snow,3.0
389,20110329,-2,765,,2.0
390,20110330,1,765,,2.0
391,20110331,0,756,,5.0
392,20110401,5,752,,3.0
393,20110402,1,749,snow,2.0
394,20110403,2,749,,4.0
395,20110404,-2,759,snow,6.0
396,20110405,3,750,,4.0
397,20110406,2,757,,6.0
398,20110407,2,752,,2.0
399,20110408,7,757,,2.0
400,20110409,7,750,,3.0
401,20110410,10,745,,1.0
402,20110411,14,750,,1.0
403,20110412,17,751,,
404,20110413,16,753,,2.0
405,20110414,11,752,,2.0
406,20110415,19,751,,1.0
407,20110416,20,748,,2.0
408,20110417,15,754,,3.0
409,20110418,14,757,,1.0
410,20110419,14,749,,5.0
411,20110420,7,753,,
412,20110421,12,755,,
413,20110422,21,746,,6.0
414,20110423,6,745,,6.0
415,20110424,6,755,,3.0
416,20110425,13,750,,2.0
417,20110426,8,747,,1.0
418,20110427,5,741,,2.0
419,20110428,7,752,,3.0
420,20110429,8,755,,3.0
421,20110430,15,753,,1.0
422,20110501,11,754,,1.0
423,20110502,11,756,,4.0
424,20110503,8,758,,4.0
425,20110504,13,751,,2.0
426,20110505,4,751,,1.0
427,20110506,8,751,,3.0
428,20110507,16,750,,3.0
429,20110508,6,752,,3.0
430,20110509,6,756,,5.0
431,20110510,13,755,,4.0
432,20110511,17,750,,5.0
433,20110512,19,747,,2.0
434,20110513,19,741,,5.0
435,20110514,12,750,,3.0
436,20110515,11,744,,1.0
437,20110516,10,755,,4.0
438,20110517,11,759,,3.0
439,20110518,14,758,,4.0
440,20110519,17,756,,2.0
441,20110520,20,750,,2.0
442,20110521,17,744,storm,1.0
443,20110522,21,744,,2.0
444,20110523,18,746,,4.0
445,20110524,17,748,,5.0
446,20110525,17,745,,2.0
447,20110526,21,737,,2.0
448,20110527,12,746,,5.0
449,20110528,14,748,,3.0
450,20110529,22,752,,
451,20110530,25,748,,4.0
452,20110531,28,742,,2.0
453,20110601,19,743,,3.0
454,20110602,22,746,,3.0
455,20110603,25,744,storm,2.0
456,20110604,25,742,,1.0
457,20110605,20,744,storm,11.0
458,20110606,23,745,,1.0
459,20110607,25,748,,2.0
460,20110608,26,747,,2.0
461,20110609,27,744,,2.0
462,20110610,26,740,,
463,20110611,25,739,,5.0
464,20110612,26,739,,2.0
465,20110613,27,739,,2.0
466,20110614,23,745,,2.0
467,20110615,22,746,,5.0
468,20110616,21,748,,5.0
469,20110617,24,747,,3.0
470,20110618,24,745,,1.0
471,20110619,26,737,,4.0
472,20110620,24,738,,2.0
473,20110621,18,739,,5.0
474,20110622,17,740,rain,1.0
475,20110623,22,745,,2.0
476,20110624,22,746,,3.0
477,20110625,18,747,,3.0
478,20110626,23,746,,2.0
479,20110627,27,745,,2.0
480,20110628,30,745,,1.0
481,20110629,30,741,,2.0
482,20111001,17,757,,1.0
483,20111002,18,752,,1.0
484,20111003,13,746,rain,6.0
485,20111004,14,746,,2.0
486,20111005,17,742,,4.0
487,20111006,10,746,,7.0
488,20111007,11,752,,6.0
489,20111008,12,747,,8.0
490,20111009,9,755,,1.0
491,20111010,12,761,,3.0
492,20111011,13,758,,4.0
493,20111012,14,759,,2.0
494,20111013,16,758,,3.0
495,20111014,18,757,,
496,20111015,16,754,,
497,20111016,16,751,,1.0
498,20111017,15,748,,4.0
499,20111018,6,752,,2.0
500,20111019,4,758,,2.0
501,20111020,6,758,,1.0
502,20111021,5,762,,1.0
503,20111022,5,761,,1.0
504,20111023,5,758,,1.0
505,20111024,8,756,,1.0
506,20111025,8,751,,1.0
507,20111026,4,752,,1.0
508,20111027,7,740,,5.0
509,20111028,1,749,,3.0
510,20111029,0,748,,10.0
511,20111030,-3,751,,3.0
512,20111031,-3,754,,8.0
513,20111101,0,747,snow,2.0
514,20111102,-4,756,,8.0
515,20111103,2,750,,6.0
516,20111104,4,748,,10.0
517,20111105,5,751,,6.0
518,20111106,6,744,rain,9.0
519,20111107,-4,755,,2.0
520,20111108,-5,751,,1.0
521,20111109,-8,758,,12.0
522,20111110,-7,755,snow,7.0
523,20111111,-11,763,snow,5.0
524,20111112,-4,752,,7.0
525,20111113,-3,745,,6.0
526,20111114,-8,754,,2.0
527,20111115,-10,753,,2.0
528,20111116,-7,758,snow,6.0
529,20111117,-6,757,,7.0
530,20111118,-4,747,snow,10.0
531,20111119,-8,749,snow,8.0
532,20111120,-9,759,,4.0
533,20111121,-7,756,,9.0
534,20111122,-4,747,,3.0
535,20111123,-9,754,snow,8.0
536,20111124,-13,756,,4.0
537,20111125,-15,756,,4.0
538,20111126,-13,759,,2.0
539,20111127,-10,759,snow,6.0
540,20111128,-12,761,,4.0
541,20111129,-12,762,snow,5.0
542,20111130,-12,766,,3.0
543,20111201,-10,759,,3.0
544,20111202,-8,754,,3.0
545,20111203,-10,755,snow,1.0
546,20111204,-9,753,snow,3.0
547,20111205,-10,760,,6.0
548,20111206,-8,766,,7.0
549,20111207,-6,768,,3.0
550,20111208,-12,771,,1.0
551,20111209,-16,768,,
552,20111210,-13,764,,2.0
553,20111211,-10,762,snow,1.0
554,20111212,-13,763,,2.0
555,20111213,-11,763,,2.0
556,20111214,-10,764,,1.0
557,20111215,-8,760,,1.0
558,20111216,-16,767,,3.0
559,20111217,-20,770,,1.0
560,20111218,-16,771,,2.0
561,20111219,-14,768,,2.0
562,20111220,-14,772,,4.0
563,20111221,-16,771,,2.0
564,20111222,-13,766,,4.0
565,20111223,-11,764,,4.0
566,20111224,-12,760,,2.0
567,20111225,-13,757,,3.0
568,20111226,-11,752,,3.0
569,20111227,-5,751,snow,9.0
570,20111228,-12,756,,6.0
571,20111229,-7,752,,5.0
572,20111230,-3,751,,6.0
573,20111231,-6,764,snow,4.0
574,20110901,22,743,storm,4.0
575,20110902,14,754,,
576,20110903,19,752,,5.0
577,20110904,16,756,,1.0
578,20110905,16,761,,2.0
579,20110906,17,759,,1.0
580,20110907,18,754,,2.0
581,20110908,20,747,,2.0
582,20110909,23,741,,
583,20110910,11,747,,2.0
584,20110911,12,755,,1.0
585,20110912,15,759,,2.0
586,20110913,18,758,,3.0
587,20110914,17,758,,2.0
588,20110915,19,754,,2.0
589,20110916,21,752,,2.0
590,20110917,20,752,,1.0
591,20110918,20,753,,1.0
592,20110919,23,752,,
593,20110920,24,748,,
594,20110921,19,746,,3.0
595,20110922,16,749,,3.0
596,20110923,15,750,,4.0
597,20110924,14,744,rain,4.0
598,20110925,10,753,,2.0
599,20110926,12,761,,3.0
600,20110927,16,760,,1.0
601,20110928,17,755,,1.0
602,20110929,17,750,,4.0
603,20110930,14,758,,4.0
604,20130101,-15,759,,2.0
605,20130102,-16,764,,1.0
606,20130103,-14,763,,1.0
607,20130104,-14,762,,
608,20130105,-15,761,,
609,20130106,-17,765,,1.0
610,20130107,-18,761,snow,1.0
611,20130108,-27,757,,
612,20130109,-28,762,,
613,20130110,-11,747,snow,9.0
614,20130111,-23,754,,1.0
615,20130112,-16,748,,1.0
616,20130113,-13,749,,5.0
617,20130114,-8,750,,9.0
618,20130115,-3,742,,7.0
619,20130116,-11,749,,6.0
620,20130117,-16,755,,8.0
621,20130118,-23,758,,2.0
622,20130119,-17,757,,3.0
623,20130120,-18,758,,2.0
624,20130121,-8,751,snow,2.0
625,20130122,-11,755,,
626,20130123,-1,743,,11.0
627,20130124,-9,750,,4.0
628,20130125,-3,747,snow,1.0
629,20130126,1,742,,6.0
630,20130127,-14,755,,3.0
631,20130128,-23,760,,3.0
632,20130129,-22,762,,2.0
633,20130130,-18,758,snow,3.0
634,20130131,-18,763,,1.0
635,20130201,-11,758,,4.0
636,20130202,-8,756,,3.0
637,20130203,-9,755,,3.0
638,20130204,-10,759,snow,
639,20130205,-8,762,snow,1.0
640,20130206,-12,766,,2.0
641,20130207,-15,767,,1.0
642,20130208,-18,764,,2.0
643,20130209,-24,768,,
644,20130210,-11,762,,8.0
645,20130211,-7,758,snow,2.0
646,20130212,-19,766,,
647,20130213,-13,759,,9.0
648,20130214,-8,749,snow,3.0
649,20130215,-18,757,,3.0
650,20130216,-20,767,,2.0
651,20130217,-13,760,snow,7.0
652,20130218,-17,760,snow,1.0
653,20130219,-13,757,,4.0
654,20130220,-13,762,,1.0
655,20130221,-8,756,,3.0
656,20130222,-5,752,snow,2.0
657,20130223,-10,753,,7.0
658,20130224,-7,746,snow,8.0
659,20130225,-13,753,snow,3.0
660,20130226,-11,747,snow,8.0
661,20130227,-13,756,,10.0
662,20130228,-4,748,,6.0
663,20130301,-16,755,,4.0
664,20130302,-10,755,,3.0
665,20130303,2,738,,4.0
666,20130304,-2,749,,9.0
667,20130305,-13,762,,3.0
668,20130306,-11,747,snow,4.0
669,20130307,-10,741,,1.0
670,20130308,-11,753,snow,11.0
671,20130309,-4,740,snow,14.0
672,20130310,-10,756,snow,5.0
673,20130311,-12,764,,1.0
674,20130312,-7,750,,2.0
675,20130313,-1,751,,
676,20130314,2,749,,3.0
677,20130315,-1,752,,2.0
678,20130316,-4,765,,1.0
679,20130317,0,758,,2.0
680,20130318,2,752,,1.0
681,20130319,3,750,,1.0
682,20130320,-8,759,,2.0
683,20130321,-5,747,,2.0
684,20130322,-5,758,,1.0
685,20130323,-1,748,snow,1.0
686,20130324,-1,755,,5.0
687,20130325,-5,761,,3.0
688,20130326,-2,757,,4.0
689,20130327,-4,754,,3.0
690,20130328,3,752,,3.0
691,20130329,0,756,,1.0
692,20130330,3,749,,4.0
693,20130331,1,749,snow,1.0
694,20130401,-1,763,,4.0
695,20130402,-1,760,snow,4.0
696,20130403,-2,763,,4.0
697,20130404,1,755,,7.0
698,20130405,2,754,,4.0
699,20130406,3,757,,4.0
700,20130407,2,758,,5.0
701,20130408,9,756,,3.0
702,20130409,8,752,,2.0
703,20130410,8,754,,3.0
704,20130411,5,760,,3.0
705,20130412,4,757,,4.0
706,20130413,8,746,,1.0
707,20130414,6,753,,4.0
708,20130415,5,756,,4.0
709,20130416,4,757,,4.0
710,20130417,6,748,,1.0
711,20130418,3,747,rain,2.0
712,20130419,3,750,,2.0
713,20130420,5,751,rain,1.0
714,20130421,6,749,,3.0
715,20130422,10,753,,2.0
716,20130423,13,750,,2.0
717,20130424,14,742,,4.0
718,20130425,8,745,,4.0
719,20130426,7,753,,3.0
720,20130427,14,751,,2.0
721,20130428,11,746,,4.0
722,20130429,6,744,storm,4.0
723,20130430,10,740,,4.0
724,20130501,5,756,,3.0
725,20130502,4,746,rain,6.0
726,20130503,9,747,,2.0
727,20130504,11,751,,4.0
728,20130505,6,746,storm,3.0
729,20130506,12,755,,1.0
730,20130507,8,751,rain,9.0
731,20130508,22,747,rain,5.0
732,20130509,18,741,,4.0
733,20130510,11,740,,6.0
734,20130511,9,749,rain,5.0
735,20130512,5,737,rain,10.0
736,20130513,4,749,,4.0
737,20130514,8,752,,2.0
738,20130515,15,743,,3.0
739,20130516,12,749,,4.0
740,20130517,10,750,,2.0
741,20130518,8,739,rain,8.0
742,20130519,10,737,,4.0
743,20130520,9,742,,4.0
744,20130521,9,743,,5.0
745,20130522,13,744,rain,6.0
746,20130523,9,739,,8.0
747,20130524,13,748,,3.0
748,20130525,11,751,,2.0
749,20130526,13,752,,3.0
750,20130527,16,748,,2.0
751,20130528,16,745,,4.0
752,20130529,10,750,,3.0
753,20130530,16,750,,3.0
754,20130531,11,744,,3.0
755,20130601,11,748,,5.0
756,20130602,9,744,,1.0
757,20130603,11,743,,4.0
758,20130604,14,746,,3.0
759,20130605,13,748,rain,2.0
760,20130606,14,751,,3.0
761,20130607,20,754,,2.0
762,20130608,21,750,,5.0
763,20130609,20,742,,3.0
764,20130610,19,738,,2.0
765,20130611,16,741,,4.0
766,20130612,18,743,,1.0
767,20130613,18,744,,
768,20130614,22,745,,1.0
769,20130615,21,744,,1.0
770,20130616,15,752,,1.0
771,20130617,14,749,,2.0
772,20130618,16,747,,1.0
773,20130619,22,748,,
774,20130620,18,751,,2.0
775,20130621,24,750,,2.0
776,20130622,25,750,,3.0
777,20130623,20,753,,3.0
778,20130624,18,752,,2.0
779,20130625,18,751,,4.0
780,20130626,21,747,,1.0
781,20130627,22,745,,2.0
782,20130628,22,739,,4.0
783,20130629,17,740,,2.0
784,20130630,15,743,,4.0
785,20131001,15,744,,2.0
786,20131002,10,752,,5.0
787,20131003,5,750,rain,3.0
788,20131004,4,749,snow,2.0
789,20131005,4,759,,2.0
790,20131006,9,751,,3.0
791,20131007,5,745,,3.0
792,20131008,6,749,,4.0
793,20131009,7,746,rain,3.0
794,20131010,2,752,,3.0
795,20131011,1,760,,3.0
796,20131012,-2,766,,1.0
797,20131013,5,754,,10.0
798,20131014,10,750,,
799,20131015,7,743,rain,6.0
800,20131016,4,752,,3.0
801,20131017,8,755,,6.0
802,20131018,8,754,,2.0
803,20131019,0,760,,3.0
804,20131020,1,769,,3.0
805,20131021,8,751,,4.0
806,20131022,5,745,rain,4.0
807,20131023,2,757,,2.0
808,20131024,1,761,snow,1.0
809,20131025,1,757,,5.0
810,20131026,3,750,rain,4.0
811,20131027,5,750,,2.0
812,20131028,5,755,,3.0
813,20131029,5,754,rain,2.0
814,20131030,8,754,,3.0
815,20131031,7,747,rain,5.0
816,20131101,6,750,rain,5.0
817,20131102,8,745,,6.0
818,20131103,2,758,,2.0
819,20131104,2,754,snow,3.0
820,20131105,3,749,rain,7.0
821,20131106,3,751,,2.0
822,20131107,-4,760,snow,3.0
823,20131108,-5,771,,
824,20131109,-1,770,,2.0
825,20131110,1,762,,5.0
826,20131111,-1,761,snow,1.0
827,20131112,1,755,,5.0
828,20131113,1,746,snow,4.0
829,20131114,1,753,,1.0
830,20131115,2,756,,3.0
831,20131116,4,753,,4.0
832,20131117,4,749,,4.0
833,20131118,1,749,,4.0
834,20131119,3,746,,6.0
835,20131120,2,752,,2.0
836,20131121,-1,761,,5.0
837,20131122,-2,760,snow,1.0
838,20131123,-2,763,,2.0
839,20131124,-2,757,snow,2.0
840,20131125,-3,760,,2.0
841,20131126,-1,763,,4.0
842,20131127,-1,757,,4.0
843,20131128,-1,753,,2.0
844,20131129,2,746,,5.0
845,20131130,1,747,,3.0
846,20131201,1,747,,4.0
847,20131202,-1,752,snow,3.0
848,20131203,-3,755,,7.0
849,20131204,0,749,,5.0
850,20131205,2,742,rain,5.0
851,20131206,-5,759,snow,4.0
852,20131207,-3,758,,4.0
853,20131208,-6,761,,1.0
854,20131209,-6,761,,1.0
855,20131210,-3,755,,3.0
856,20131211,-4,754,,
857,20131212,-1,747,snow,5.0
858,20131213,-7,754,,9.0
859,20131214,-3,754,,5.0
860,20131215,0,746,,7.0
861,20131216,1,749,,2.0
862,20131217,-9,761,,6.0
863,20131218,-10,760,,5.0
864,20131219,-10,756,,10.0
865,20131220,-3,751,,5.0
866,20131221,-4,750,snow,1.0
867,20131222,-21,766,,1.0
868,20131223,-24,771,,2.0
869,20131224,-20,767,,2.0
870,20131225,-13,765,,3.0
871,20131226,-4,761,snow,6.0
872,20131227,-3,759,,5.0
873,20131228,-7,755,snow,4.0
874,20131229,-5,752,snow,5.0
875,20131230,-4,754,,5.0
876,20131231,-8,751,,7.0
877,20130901,16,753,,4.0
878,20130902,21,755,,3.0
879,20130903,23,751,,2.0
880,20130904,24,747,,1.0
881,20130905,23,748,,2.0
882,20130906,16,755,,2.0
883,20130907,15,761,,2.0
884,20130908,17,756,,
885,20130909,19,749,,2.0
886,20130910,13,742,,1.0
887,20130911,15,744,,1.0
888,20130912,12,750,,3.0
889,20130913,13,754,,4.0
890,20130914,16,747,,2.0
891,20130915,9,744,rain,2.0
892,20130916,9,752,,1.0
893,20130917,7,753,,2.0
894,20130918,8,754,,2.0
895,20130919,7,752,,1.0
896,20130920,6,755,rain,2.0
897,20130921,7,762,,2.0
898,20130922,6,761,,2.0
899,20130923,13,756,,1.0
900,20130924,17,750,,4.0
901,20130925,17,744,,
902,20130926,8,742,,3.0
903,20130927,8,744,,4.0
904,20130928,6,744,rain,5.0
905,20130929,4,756,,1.0
906,20130930,11,753,,
907,20140101,-6,752,snow,4.0
908,20140102,-10,754,snow,6.0
909,20140103,-6,752,snow,6.0
910,20140104,-24,755,,2.0
911,20140105,-27,770,snow,4.0
912,20140106,-22,767,,4.0
913,20140107,-15,764,,5.0
914,20140108,-14,759,,5.0
915,20140109,-14,755,,1.0
916,20140110,-9,756,snow,9.0
917,20140111,-7,762,snow,5.0
918,20140112,-10,760,,
919,20140113,-12,761,,2.0
920,20140114,-8,755,snow,3.0
921,20140115,-6,758,,3.0
922,20140116,-3,756,,6.0
923,20140117,-6,756,snow,4.0
924,20140118,-11,764,,2.0
925,20140119,-6,754,,5.0
926,20140120,-4,746,,4.0
927,20140121,-14,744,,6.0
928,20140122,-18,753,,6.0
929,20140123,-18,762,,3.0
930,20140124,-16,755,,2.0
931,20140125,-22,753,,2.0
932,20140126,-27,764,,1.0
933,20140127,-15,743,snow,
934,20140128,-23,757,snow,3.0
935,20140129,-20,755,snow,1.0
936,20140130,-27,757,,2.0
937,20140131,-26,759,,2.0
938,20140201,-23,764,snow,5.0
939,20140202,-27,775,,1.0
940,20140203,-28,770,,
941,20140204,-23,768,,
942,20140205,-23,767,,
943,20140206,-21,771,,
944,20140207,-16,765,,2.0
945,20140208,-15,763,,2.0
946,20140209,-13,764,,
947,20140210,-18,767,,1.0
948,20140211,-17,767,,1.0
949,20140212,-21,766,,2.0
950,20140213,-21,765,,1.0
951,20140214,-20,766,,2.0
952,20140215,-19,767,,3.0
953,20140216,-17,768,,3.0
954,20140217,-13,758,snow,8.0
955,20140218,-8,748,,5.0
956,20140219,-7,746,snow,3.0
957,20140220,-2,741,snow,8.0
958,20140221,-2,745,,5.0
959,20140222,-2,743,,7.0
960,20140223,-24,755,,2.0
961,20140224,-21,770,,5.0
962,20140225,-16,770,,8.0
963,20140226,-13,763,,5.0
964,20140227,-10,757,snow,6.0
965,20140228,-8,756,snow,3.0
966,20140301,-7,758,snow,
967,20140302,-13,765,,
968,20140303,-8,764,snow,2.0
969,20140304,-8,767,,3.0
970,20140305,-10,764,,1.0
971,20140306,-8,758,,2.0
972,20140307,-4,746,,3.0
973,20140308,-10,751,snow,3.0
974,20140309,-10,761,snow,2.0
975,20140310,-5,762,,6.0
976,20140311,-3,752,snow,9.0
977,20140312,-1,752,,8.0
978,20140313,0,749,,3.0
979,20140314,2,732,,8.0
980,20140315,1,748,snow,6.0
981,20140316,-1,752,snow,7.0
982,20140317,3,761,,
983,20140318,5,751,,2.0
984,20140319,2,757,,5.0
985,20140320,4,748,,3.0
986,20140321,2,757,,5.0
987,20140322,6,753,,1.0
988,20140323,3,749,,5.0
989,20140324,3,756,,3.0
990,20140325,3,757,,4.0
991,20140326,2,750,,5.0
992,20140327,3,741,rain,4.0
993,20140328,0,754,,4.0
994,20140329,4,754,,
995,20140330,6,747,,1.0
996,20140331,7,750,,
997,20140401,13,747,,3.0
998,20140402,16,750,,3.0
999,20140403,7,754,,1.0
1000,20140404,5,749,,2.0
1001,20140405,4,755,,2.0
1002,20140406,6,757,,3.0
1003,20140407,5,746,,5.0
1004,20140408,3,751,rain,9.0
1005,20140409,5,750,,4.0
1006,20140410,11,741,rain,4.0
1007,20140411,3,748,,3.0
1008,20140412,-1,759,,1.0
1009,20140413,2,761,,2.0
1010,20140414,3,759,,2.0
1011,20140415,9,760,,3.0
1012,20140416,10,760,,4.0
1013,20140417,15,756,,3.0
1014,20140418,11,758,,2.0
1015,20140419,9,750,,3.0
1016,20140420,11,747,,3.0
1017,20140421,13,739,,4.0
1018,20140422,0,746,,3.0
1019,20140423,4,760,,7.0
1020,20140424,7,752,,5.0
1021,20140425,9,739,,5.0
1022,20140426,7,747,,9.0
1023,20140427,8,747,,6.0
1024,20140428,1,753,,4.0
1025,20140429,5,755,,2.0
1026,20140430,2,757,rain,2.0
1027,20140501,22,755,,2.0
1028,20140502,22,751,,1.0
1029,20140503,21,746,,2.0
1030,20140504,22,747,,4.0
1031,20140505,16,751,,4.0
1032,20140506,13,764,,2.0
1033,20140507,16,761,,2.0
1034,20140508,17,756,,2.0
1035,20140509,19,750,,3.0
1036,20140510,7,756,,4.0
1037,20140511,7,758,,4.0
1038,20140512,15,755,,2.0
1039,20140513,16,743,,3.0
1040,20140514,12,751,,2.0
1041,20140515,13,755,,1.0
1042,20140516,14,752,,2.0
1043,20140517,17,744,,
1044,20140518,8,759,,2.0
1045,20140519,10,754,,2.0
1046,20140520,14,745,,4.0
1047,20140521,16,747,,1.0
1048,20140522,8,748,,1.0
1049,20140523,19,750,,3.0
1050,20140524,16,736,storm,7.0
1051,20140525,7,748,,1.0
1052,20140526,8,742,rain,6.0
1053,20140527,12,746,,2.0
1054,20140528,10,741,,1.0
1055,20140529,13,740,,2.0
1056,20140530,10,745,,2.0
1057,20140531,12,753,,3.0
1058,20140601,7,755,rain,1.0
1059,20140602,9,758,,1.0
1060,20140603,12,752,,7.0
1061,20140604,14,750,,1.0
1062,20140605,11,752,,2.0
1063,20140606,16,744,,8.0
1064,20140607,11,744,,1.0
1065,20140608,8,746,rain,2.0
1066,20140609,9,749,,2.0
1067,20140610,15,750,,3.0
1068,20140611,20,745,,3.0
1069,20140612,17,751,,3.0
1070,20140613,21,750,,2.0
1071,20140614,26,746,,2.0
1072,20140615,28,743,,2.0
1073,20140616,28,744,,2.0
1074,20140617,26,747,,
1075,20140618,26,748,,2.0
1076,20140619,24,749,,2.0
1077,20140620,26,750,,
1078,20140621,27,750,,1.0
1079,20140622,30,748,,3.0
1080,20140623,30,747,,2.0
1081,20140624,31,744,,2.0
1082,20140625,32,742,,2.0
1083,20140626,30,745,,3.0
1084,20140627,27,750,,3.0
1085,20140628,30,746,,1.0
1086,20140629,27,745,,
1087,20140630,24,750,,2.0
1088,20141001,9,747,rain,4.0
1089,20141002,13,757,,
1090,20141003,13,753,,4.0
1091,20141004,9,748,,6.0
1092,20141005,7,754,rain,8.0
1093,20141006,4,749,,4.0
1094,20141007,6,747,,2.0
1095,20141008,1,743,snow,
1096,20141009,0,759,rain,2.0
1097,20141010,1,764,,2.0
1098,20141011,7,751,rain,12.0
1099,20141012,3,745,,2.0
1100,20141013,1,754,,2.0
1101,20141014,3,748,rain,2.0
1102,20141015,4,747,,2.0
1103,20141016,2,749,,2.0
1104,20141017,-2,752,,2.0
1105,20141018,-3,759,,2.0
1106,20141019,0,751,,2.0
1107,20141020,6,741,rain,4.0
1108,20141021,0,748,snow,6.0
1109,20141022,1,754,snow,4.0
1110,20141023,5,748,,
1111,20141024,5,747,,
1112,20141025,1,745,,6.0
1113,20141026,-3,750,,2.0
1114,20141027,-8,756,,4.0
1115,20141028,-6,763,snow,12.0
1116,20141029,-4,752,snow,16.0
1117,20141030,0,752,snow,4.0
1118,20141031,1,756,rain,4.0
1119,20141101,2,755,,6.0
1120,20141102,3,751,,2.0
1121,20141103,0,753,,
1122,20141104,-1,757,,2.0
1123,20141105,0,758,,2.0
1124,20141106,3,754,,2.0
1125,20141107,1,751,,3.0
1126,20141108,0,756,snow,3.0
1127,20141109,-6,767,,2.0
1128,20141110,-8,773,,
1129,20141111,-8,769,,1.0
1130,20141112,-6,763,,3.0
1131,20141113,-3,757,,8.0
1132,20141114,0,755,,4.0
1133,20141115,-5,754,,2.0
1134,20141116,-7,760,,2.0
1135,20141117,-9,759,,2.0
1136,20141118,-13,747,,
1137,20141119,-10,752,snow,6.0
1138,20141120,-6,751,snow,8.0
1139,20141121,-8,746,snow,6.0
1140,20141122,-10,754,,2.0
1141,20141123,-4,741,snow,10.0
1142,20141124,-25,752,,4.0
1143,20141125,-21,753,snow,10.0
1144,20141126,-10,746,snow,6.0
1145,20141127,-9,742,,2.0
1146,20141128,-28,763,,2.0
1147,20141129,-27,772,,6.0
1148,20141130,-18,761,,4.0
1149,20141201,-16,760,snow,6.0
1150,20141202,-12,761,,5.0
1151,20141203,-9,752,,1.0
1152,20141204,-12,752,snow,8.0
1153,20141205,-16,763,,4.0
1154,20141206,-7,753,snow,6.0
1155,20141207,-8,751,snow,1.0
1156,20141208,-19,764,snow,8.0
1157,20141209,-8,765,snow,4.0
1158,20141210,-12,768,,3.0
1159,20141211,-10,761,,8.0
1160,20141212,-9,756,snow,1.0
1161,20141213,-20,771,,
1162,20141214,-12,772,,7.0
1163,20141215,-13,769,,4.0
1164,20141216,-10,760,snow,6.0
1165,20141217,-7,764,snow,1.0
1166,20141218,-14,766,snow,2.0
1167,20141219,-12,766,,4.0
1168,20141220,-17,762,,2.0
1169,20141221,-11,756,,3.0
1170,20141222,-2,755,snow,5.0
1171,20141223,-5,758,,2.0
1172,20141224,-10,754,,2.0
1173,20141225,0,747,,7.0
1174,20141226,0,749,,3.0
1175,20141227,-1,742,,5.0
1176,20141228,-14,758,,4.0
1177,20141229,-21,767,,2.0
1178,20141230,-15,758,,2.0
1179,20141231,-11,757,,3.0
1180,20140901,20,744,,6.0
1181,20140902,10,752,,2.0
1182,20140903,17,753,,2.0
1183,20140904,14,752,,2.0
1184,20140905,14,753,,
1185,20140906,15,748,,4.0
1186,20140907,18,744,,4.0
1187,20140908,17,743,,4.0
1188,20140909,14,744,,4.0
1189,20140910,10,749,rain,
1190,20140911,8,753,rain,2.0
1191,20140912,7,754,rain,10.0
1192,20140913,12,753,,2.0
1193,20140914,14,750,,4.0
1194,20140915,8,750,,
1195,20140916,11,750,,
1196,20140917,17,747,,2.0
1197,20140918,18,736,rain,10.0
1198,20140919,7,745,,10.0
1199,20140920,4,753,snow,2.0
1200,20140921,9,753,,
1201,20140922,11,757,,6.0
1202,20140923,13,756,rain,2.0
1203,20140924,12,754,,
1204,20140925,14,751,,2.0
1205,20140926,8,757,,4.0
1206,20140927,9,758,,2.0
1207,20140928,10,750,,2.0
1208,20140929,9,748,,2.0
1209,20140930,11,751,,4.0
1210,20150101,-5,741,,4.0
1211,20150102,-17,746,,6.0
1212,20150103,-22,756,snow,1.0
1213,20150104,-13,755,,4.0
1214,20150105,-10,751,,5.0
1215,20150106,-4,753,,2.0
1216,20150107,-2,751,snow,10.0
1217,20150108,-1,750,snow,3.0
1218,20150109,0,740,,7.0
1219,20150110,-16,759,,2.0
1220,20150111,-16,763,,1.0
1221,20150112,-15,759,,2.0
1222,20150113,-17,764,,
1223,20150114,-4,753,,6.0
1224,20150115,-4,756,,2.0
1225,20150116,-3,756,snow,2.0
1226,20150117,-3,750,snow,7.0
1227,20150118,-7,754,snow,2.0
1228,20150119,-7,751,,7.0
1229,20150120,-6,749,,5.0
1230,20150121,-7,742,snow,3.0
1231,20150122,-14,749,snow,6.0
1232,20150123,-23,755,,2.0
1233,20150124,-31,769,,2.0
1234,20150125,-30,777,,1.0
1235,20150126,-28,772,,
1236,20150127,-18,761,snow,11.0
1237,20150128,-14,761,,5.0
1238,20150129,-12,763,,3.0
1239,20150130,-15,762,,2.0
1240,20150131,-15,764,,
1241,20150201,-22,764,,1.0
1242,20150202,-15,771,,2.0
1243,20150203,-14,770,,
1244,20150204,-14,768,,1.0
1245,20150205,-13,768,,
1246,20150206,-7,762,,3.0
1247,20150207,-9,753,,3.0
1248,20150208,-7,754,,4.0
1249,20150209,-1,744,,6.0
1250,20150210,-8,758,,4.0
1251,20150211,-7,751,,2.0
1252,20150212,-3,739,snow,3.0
1253,20150213,-11,753,,3.0
1254,20150214,-6,745,snow,9.0
1255,20150215,-10,756,,1.0
1256,20150216,-10,752,,1.0
1257,20150217,-9,749,snow,
1258,20150218,-17,752,,3.0
1259,20150219,-25,767,,2.0
1260,20150220,-15,767,,
1261,20150221,-10,753,,5.0
1262,20150222,-14,754,,3.0
1263,20150223,-11,760,snow,1.0
1264,20150224,-3,758,snow,6.0
1265,20150225,-4,749,snow,2.0
1266,20150226,-2,760,snow,2.0
1267,20150227,-5,759,snow,6.0
1268,20150228,-3,753,snow,3.0
1269,20150301,-4,767,,2.0
1270,20150302,-6,764,,3.0
1271,20150303,-7,758,,1.0
1272,20150304,-4,758,,1.0
1273,20150305,-8,758,,2.0
1274,20150306,-9,767,,3.0
1275,20150307,-6,767,,4.0
1276,20150308,-8,764,,2.0
1277,20150309,-9,760,,
1278,20150310,0,752,snow,4.0
1279,20150311,-2,751,,7.0
1280,20150312,1,758,,3.0
1281,20150313,-2,753,snow,3.0
1282,20150314,-4,753,snow,2.0
1283,20150315,-3,750,snow,5.0
1284,20150316,-2,752,,3.0
1285,20150317,-3,752,,5.0
1286,20150318,-1,753,snow,4.0
1287,20150319,-1,752,,4.0
1288,20150320,-2,758,,4.0
1289,20150321,-1,757,,6.0
1290,20150322,3,753,,4.0
1291,20150323,2,744,,2.0
1292,20150324,3,740,rain,
1293,20150325,-2,753,,1.0
1294,20150326,-4,754,snow,11.0
1295,20150327,-2,755,,2.0
1296,20150328,-4,757,snow,2.0
1297,20150329,-5,762,,3.0
1298,20150330,1,758,,1.0
1299,20150331,-3,760,,
1300,20150401,5,755,,2.0
1301,20150402,2,758,,1.0
1302,20150403,3,761,,1.0
1303,20150404,7,761,,3.0
1304,20150405,6,764,,3.0
1305,20150406,9,762,,3.0
1306,20150407,6,759,,1.0
1307,20150408,7,755,,
1308,20150409,3,761,,1.0
1309,20150410,5,758,,5.0
1310,20150411,10,749,,5.0
1311,20150412,6,749,,2.0
1312,20150413,7,744,,2.0
1313,20150414,7,755,,4.0
1314,20150415,5,747,,3.0
1315,20150416,4,750,,
1316,20150417,5,757,,1.0
1317,20150418,10,750,,3.0
1318,20150419,9,746,,9.0
1319,20150420,14,748,,5.0
1320,20150421,15,750,,
1321,20150422,19,747,,4.0
1322,20150423,11,743,,1.0
1323,20150424,12,744,,4.0
1324,20150425,11,749,,3.0
1325,20150426,15,740,,2.0
1326,20150427,8,742,,9.0
1327,20150428,6,752,,3.0
1328,20150429,7,758,,2.0
1329,20150430,11,750,,3.0
1330,20150501,6,759,,3.0
1331,20150502,10,756,rain,1.0
1332,20150503,10,763,,3.0
1333,20150504,19,758,,2.0
1334,20150505,18,752,,3.0
1335,20150506,18,747,,
1336,20150507,15,749,,1.0
1337,20150508,16,750,,2.0
1338,20150509,22,746,,
1339,20150510,18,745,,5.0
1340,20150511,14,747,,2.0
1341,20150512,12,752,,
1342,20150513,17,755,,3.0
1343,20150514,18,753,,2.0
1344,20150515,23,752,,1.0
1345,20150516,24,749,,2.0
1346,20150517,19,740,,5.0
1347,20150518,22,746,,8.0
1348,20150519,23,747,,
1349,20150520,19,749,,1.0
1350,20150521,16,743,,5.0
1351,20150522,13,742,,3.0
1352,20150523,15,743,,3.0
1353,20150524,12,747,,1.0
1354,20150525,16,746,,4.0
1355,20150526,16,747,,2.0
1356,20150527,19,750,,1.0
1357,20150528,18,745,,2.0
1358,20150529,9,743,,4.0
1359,20150530,13,748,,2.0
1360,20150531,17,753,,1.0
1361,20150601,19,754,,3.0
1362,20150602,16,752,,3.0
1363,20150603,23,749,,2.0
1364,20150604,21,752,,2.0
1365,20150605,23,750,,2.0
1366,20150606,26,747,,
1367,20150607,28,743,,
1368,20150608,25,743,,3.0
1369,20150609,15,741,,2.0
1370,20150610,15,748,,5.0
1371,20150611,18,750,rain,
1372,20150612,20,749,,
1373,20150613,24,746,,
1374,20150614,24,738,,2.0
1375,20150615,20,743,,4.0
1376,20150616,18,748,,8.0
1377,20150617,22,752,,
1378,20150618,25,752,,2.0
1379,20150619,28,749,,
1380,20150620,28,747,,2.0
1381,20150621,23,750,,6.0
1382,20150622,24,752,,2.0
1383,20150623,27,749,,
1384,20150624,26,743,,
1385,20150625,21,749,,6.0
1386,20150626,22,749,,2.0
1387,20150627,23,749,,2.0
1388,20150628,26,749,,2.0
1389,20150629,26,750,,2.0
1390,20150630,30,747,,
1391,20151001,17,746,,2.0
1392,20151002,11,747,,2.0
1393,20151003,14,736,,2.0
1394,20151004,11,731,,
1395,20151005,7,743,rain,4.0
1396,20151006,8,758,,6.0
1397,20151007,12,755,,4.0
1398,20151008,16,751,,2.0
1399,20151009,16,746,,6.0
1400,20151010,10,757,,
1401,20151011,11,749,rain,2.0
1402,20151012,6,753,,2.0
1403,20151013,9,747,,6.0
1404,20151014,0,749,snow,10.0
1405,20151015,-2,760,,2.0
1406,20151016,6,759,,6.0
1407,20151017,1,752,,2.0
1408,20151018,2,752,,2.0
1409,20151019,5,750,rain,6.0
1410,20151020,6,748,rain,10.0
1411,20151021,7,746,,
1412,20151022,5,746,,
1413,20151023,0,755,snow,
1414,20151024,-2,761,snow,6.0
1415,20151025,0,759,snow,6.0
1416,20151026,1,757,snow,
1417,20151027,1,763,,
1418,20151028,4,761,,2.0
1419,20151029,3,755,rain,4.0
1420,20151030,5,747,rain,6.0
1421,20151031,3,753,,6.0
1422,20151101,-2,753,snow,
1423,20151102,-4,757,snow,2.0
1424,20151103,-2,758,,4.0
1425,20151104,1,757,,6.0
1426,20151105,3,752,,6.0
1427,20151106,3,749,,6.0
1428,20151107,5,740,,12.0
1429,20151108,0,747,snow,6.0
1430,20151109,-3,754,snow,6.0
1431,20151110,-7,756,snow,2.0
1432,20151111,-7,755,,
1433,20151112,-8,758,,2.0
1434,20151113,-8,761,,2.0
1435,20151114,-12,760,,2.0
1436,20151115,-8,760,,2.0
1437,20151116,-10,764,,2.0
1438,20151117,-10,764,,2.0
1439,20151118,-14,767,,2.0
1440,20151119,-15,767,,2.0
1441,20151120,-13,762,,4.0
1442,20151121,-13,764,,2.0
1443,20151122,-15,770,,
1444,20151123,-16,769,,2.0
1445,20151124,-1,751,snow,2.0
1446,20151125,1,752,snow,2.0
1447,20151126,-5,755,,
1448,20151127,-6,755,,
1449,20151128,-1,746,,6.0
1450,20151129,-4,745,snow,
1451,20151130,-1,758,,2.0
1452,20151201,-1,763,,2.0
1453,20151202,-7,760,,
1454,20151203,-7,759,,
1455,20151204,-5,752,,
1456,20151205,0,745,snow,2.0
1457,20151206,-5,749,snow,6.0
1458,20151207,-6,753,,4.0
1459,20151208,-2,739,,8.0
1460,20151209,2,737,,10.0
1461,20151210,-3,747,,3.0
1462,20151211,-6,758,,7.0
1463,20151212,-2,754,snow,5.0
1464,20151213,-1,760,,2.0
1465,20151214,-8,763,,4.0
1466,20151215,-8,758,,2.0
1467,20151216,-10,758,,1.0
1468,20151217,-4,751,,5.0
1469,20151218,-7,754,,2.0
1470,20151219,-9,743,snow,11.0
1471,20151220,-15,755,,3.0
1472,20151221,-21,762,snow,3.0
1473,20151222,-22,761,,2.0
1474,20151223,-7,746,snow,6.0
1475,20151224,1,738,snow,3.0
1476,20151225,0,748,snow,3.0
1477,20151226,1,748,,5.0
1478,20151227,-1,747,,4.0
1479,20151228,-2,751,snow,3.0
1480,20151229,-4,743,,7.0
1481,20151230,-8,755,,3.0
1482,20151231,-9,755,,1.0
1483,20150901,29,746,,
1484,20150902,23,746,,2.0
1485,20150903,26,742,,2.0
1486,20150904,18,752,,
1487,20150905,19,755,,4.0
1488,20150906,17,755,,
1489,20150907,16,758,,
1490,20150908,19,757,,
1491,20150909,19,758,,2.0
1492,20150910,19,753,,
1493,20150911,24,746,,2.0
1494,20150912,16,740,rain,
1495,20150913,7,746,,
1496,20150914,6,749,,2.0
1497,20150915,8,755,,2.0
1498,20150916,11,749,,6.0
1499,20150917,8,758,,
1500,20150918,11,755,,2.0
1501,20150919,10,752,,
1502,20150920,10,744,,
1503,20150921,10,737,,2.0
1504,20150922,7,750,,2.0
1505,20150923,6,746,rain,4.0
1506,20150924,7,752,,2.0
1507,20150925,6,755,,2.0
1508,20150926,8,758,,2.0
1509,20150927,8,760,,
1510,20150928,9,763,,2.0
1511,20150929,7,756,,6.0
1512,20150930,13,755,,2.0
1513,20160101,-24,763,,1.0
1514,20160102,-20,767,,2.0
1515,20160103,-19,771,,2.0
1516,20160104,-16,767,,2.0
1517,20160105,-17,767,,3.0
1518,20160106,-10,761,,2.0
1519,20160107,-7,760,,
1520,20160108,-10,758,snow,
1521,20160109,-22,769,,1.0
1522,20160110,-25,769,,1.0
1523,20160111,-14,763,,2.0
1524,20160112,-10,759,,6.0
1525,20160113,-4,757,,5.0
1526,20160114,-13,758,snow,2.0
1527,20160115,-21,767,,
1528,20160116,-20,765,snow,1.0
1529,20160117,-21,760,,2.0
1530,20160118,-22,763,,1.0
1531,20160119,-29,772,,1.0
1532,20160120,-30,779,,1.0
1533,20160121,-21,779,,
1534,20160122,-12,775,,3.0
1535,20160123,-19,774,,1.0
1536,20160124,-13,776,,2.0
1537,20160125,-7,770,,3.0
1538,20160126,-6,762,,4.0
1539,20160127,-14,761,,4.0
1540,20160128,-12,763,,2.0
1541,20160129,-14,763,,2.0
1542,20160130,-14,767,,1.0
1543,20160131,-9,764,snow,3.0
1544,20160201,-8,762,,2.0
1545,20160202,-5,764,,1.0
1546,20160203,-6,770,,1.0
1547,20160204,-11,763,,3.0
1548,20160205,-2,751,snow,9.0
1549,20160206,0,749,snow,6.0
1550,20160207,-1,751,,4.0
1551,20160208,-1,740,,4.0
1552,20160209,-12,752,snow,
1553,20160210,-14,761,snow,3.0
1554,20160211,-15,766,,7.0
1555,20160212,-10,765,snow,2.0
1556,20160213,-7,770,,1.0
1557,20160214,-15,770,,1.0
1558,20160215,-18,767,,2.0
1559,20160216,-15,762,,
1560,20160217,-14,767,,1.0
1561,20160218,-12,773,,3.0
1562,20160219,-9,767,,3.0
1563,20160220,-5,761,,1.0
1564,20160221,-10,767,,1.0
1565,20160222,-9,770,,
1566,20160223,-8,768,,2.0
1567,20160224,-2,760,,5.0
1568,20160225,0,761,,1.0
1569,20160226,2,758,,1.0
1570,20160227,2,755,,3.0
1571,20160228,2,765,,4.0
1572,20160229,-1,758,,2.0
1573,20160301,-2,749,snow,
1574,20160302,-3,746,snow,2.0
1575,20160303,-5,764,,3.0
1576,20160304,-7,763,snow,1.0
1577,20160305,-6,764,,3.0
1578,20160306,-8,770,,3.0
1579,20160307,-7,775,,3.0
1580,20160308,-1,773,,3.0
1581,20160309,-5,766,,2.0
1582,20160310,-6,761,,
1583,20160311,-4,761,,3.0
1584,20160312,0,757,,1.0
1585,20160313,1,746,,5.0
1586,20160314,0,743,,5.0
1587,20160315,-5,751,snow,3.0
1588,20160316,-7,746,,
1589,20160317,0,738,,9.0
1590,20160318,0,745,,10.0
1591,20160319,0,753,,2.0
1592,20160320,3,758,,2.0
1593,20160321,6,756,,1.0
1594,20160322,1,761,,3.0
1595,20160323,-1,764,,3.0
1596,20160324,1,758,,
1597,20160325,3,750,,3.0
1598,20160326,3,759,,2.0
1599,20160327,2,761,,2.0
1600,20160328,10,750,,1.0
1601,20160329,2,746,rain,1.0
1602,20160330,5,755,,2.0
1603,20160331,3,758,,2.0
1604,20160401,8,755,,2.0
1605,20160402,5,751,,3.0
1606,20160403,3,752,,1.0
1607,20160404,3,755,,2.0
1608,20160405,6,757,,2.0
1609,20160406,10,755,,2.0
1610,20160407,7,748,,3.0
1611,20160408,5,749,,2.0
1612,20160409,5,749,,5.0
1613,20160410,3,751,,3.0
1614,20160411,6,744,,3.0
1615,20160412,6,747,,3.0
1616,20160413,5,752,,3.0
1617,20160414,3,758,,2.0
1618,20160415,10,760,,1.0
1619,20160416,12,755,,1.0
1620,20160417,13,745,,1.0
1621,20160418,15,752,,2.0
1622,20160419,16,750,,4.0
1623,20160420,18,754,,2.0
1624,20160421,25,746,,
1625,20160422,19,746,,1.0
1626,20160423,19,748,storm,2.0
1627,20160424,17,751,,1.0
1628,20160425,17,751,,1.0
1629,20160426,7,751,rain,3.0
1630,20160427,8,752,,2.0
1631,20160428,10,750,,2.0
1632,20160429,9,749,,1.0
1633,20160430,14,753,,3.0
1634,20160501,18,750,,2.0
1635,20160502,3,752,snow,2.0
1636,20160503,5,759,,4.0
1637,20160504,11,757,,3.0
1638,20160505,14,749,,2.0
1639,20160506,19,748,,2.0
1640,20160507,16,750,,2.0
1641,20160508,1,745,snow,4.0
1642,20160509,3,753,,2.0
1643,20160510,8,754,,4.0
1644,20160511,8,743,rain,3.0
1645,20160512,9,749,,3.0
1646,20160513,16,751,,4.0
1647,20160514,21,744,,4.0
1648,20160515,8,746,,3.0
1649,20160516,11,747,,3.0
1650,20160517,10,751,,3.0
1651,20160518,9,755,,2.0
1652,20160519,13,764,,3.0
1653,20160520,16,763,,2.0
1654,20160521,18,761,,2.0
1655,20160522,25,758,,1.0
1656,20160523,23,755,,3.0
1657,20160524,26,755,,2.0
1658,20160525,22,750,,2.0
1659,20160526,23,743,,2.0
1660,20160527,21,750,,2.0
1661,20160528,21,746,,4.0
1662,20160529,12,749,,2.0
1663,20160530,18,744,,4.0
1664,20160531,13,743,,2.0
1665,20160601,14,748,,3.0
1666,20160602,13,752,,1.0
1667,20160603,17,753,,2.0
1668,20160604,23,750,,1.0
1669,20160605,26,746,,
1670,20160606,23,747,,4.0
1671,20160607,23,751,,2.0
1672,20160608,27,749,,2.0
1673,20160609,27,744,,2.0
1674,20160610,28,746,,1.0
1675,20160611,30,746,,1.0
1676,20160612,31,744,,2.0
1677,20160613,29,744,,1.0
1678,20160614,27,743,,2.0
1679,20160615,24,743,,2.0
1680,20160616,23,746,,3.0
1681,20160617,22,746,,2.0
1682,20160618,22,746,storm,3.0
1683,20160619,20,744,,2.0
1684,20160620,21,748,,3.0
1685,20160621,25,751,,2.0
1686,20160622,27,749,,1.0
1687,20160623,27,747,,2.0
1688,20160624,25,746,,3.0
1689,20160625,26,747,,3.0
1690,20160626,26,745,,8.0
1691,20160627,28,743,,6.0
1692,20160628,24,744,,4.0
1693,20160629,24,744,rain,7.0
1694,20160630,22,741,,3.0
1695,20161001,7,749,,2.0
1696,20161002,8,756,,2.0
1697,20161003,6,761,,2.0
1698,20161004,8,763,,1.0
1699,20161005,8,763,,1.0
1700,20161006,6,761,,2.0
1701,20161007,5,751,rain,1.0
1702,20161008,0,757,snow,1.0
1703,20161009,2,758,,1.0
1704,20161010,2,751,,1.0
1705,20161011,1,752,snow,1.0
1706,20161012,2,752,,1.0
1707,20161013,2,749,,2.0
1708,20161014,2,758,,4.0
1709,20161015,2,755,snow,8.0
1710,20161016,0,757,,1.0
1711,20161017,0,758,,1.0
1712,20161018,1,754,,4.0
1713,20161019,-1,753,,2.0
1714,20161020,0,757,snow,4.0
1715,20161021,-1,759,snow,1.0
1716,20161022,-2,764,,1.0
1717,20161023,-3,767,snow,1.0
1718,20161024,-5,755,snow,3.0
1719,20161025,-5,755,,2.0
1720,20161026,-4,764,snow,2.0
1721,20161027,0,767,snow,1.0
1722,20161028,0,767,snow,1.0
1723,20161029,-2,767,,1.0
1724,20161030,-2,761,,2.0
1725,20161031,0,759,snow,4.0
1726,20161101,3,751,rain,8.0
1727,20161102,1,750,,7.0
1728,20161103,-4,751,,1.0
1729,20161104,-11,758,,1.0
1730,20161105,-10,767,,1.0
1731,20161106,-6,761,,5.0
1732,20161107,0,752,,5.0
1733,20161108,-5,759,,2.0
1734,20161109,-5,749,snow,7.0
1735,20161110,-14,756,,1.0
1736,20161111,-12,745,,
1737,20161112,-12,752,snow,1.0
1738,20161113,-18,761,,3.0
1739,20161114,-13,747,snow,3.0
1740,20161115,-21,756,,2.0
1741,20161116,-27,764,,5.0
1742,20161117,-25,767,,3.0
1743,20161118,-23,773,snow,2.0
1744,20161119,-26,776,,2.0
1745,20161120,-21,780,,2.0
1746,20161121,-22,780,,2.0
1747,20161122,-18,770,snow,6.0
1748,20161123,-10,753,,6.0
1749,20161124,-10,752,,2.0
1750,20161125,-8,748,,5.0
1751,20161126,-6,749,,3.0
1752,20161127,-6,758,,7.0
1753,20161128,-5,754,snow,11.0
1754,20161129,-3,761,snow,1.0
1755,20161130,-3,752,,7.0
1756,20161201,-5,748,,7.0
1757,20161202,-12,758,,2.0
1758,20161203,-20,764,,1.0
1759,20161204,-8,747,snow,5.0
1760,20161205,-8,746,snow,6.0
1761,20161206,-6,747,snow,3.0
1762,20161207,-12,755,,5.0
1763,20161208,-9,753,,5.0
1764,20161209,-2,740,snow,9.0
1765,20161210,-18,755,snow,6.0
1766,20161211,-12,755,,5.0
1767,20161212,-2,750,,6.0
1768,20161213,-12,760,,3.0
1769,20161214,1,751,,7.0
1770,20161215,-1,746,,4.0
1771,20161216,-14,754,,1.0
1772,20161217,-15,752,,2.0
1773,20161218,-18,755,,3.0
1774,20161219,-15,756,snow,7.0
1775,20161220,-10,758,snow,8.0
1776,20161221,-14,750,snow,3.0
1777,20161222,-29,763,,1.0
1778,20161223,-27,758,snow,2.0
1779,20161224,-27,762,,5.0
1780,20161225,-11,758,snow,11.0
1781,20161226,-13,761,snow,4.0
1782,20161227,-13,757,,2.0
1783,20161228,-6,755,,9.0
1784,20161229,-10,755,snow,6.0
1785,20161230,-8,755,snow,4.0
1786,20161231,-5,752,,9.0
1787,20160901,17,758,,3.0
1788,20160902,21,755,,1.0
1789,20160903,23,755,,2.0
1790,20160904,22,752,,2.0
1791,20160905,25,750,,
1792,20160906,23,748,,2.0
1793,20160907,24,748,,1.0
1794,20160908,25,747,,4.0
1795,20160909,22,745,,2.0
1796,20160910,20,750,,2.0
1797,20160911,24,746,,3.0
1798,20160912,16,751,,6.0
1799,20160913,21,750,,2.0
1800,20160914,19,753,,5.0
1801,20160915,22,755,,1.0
1802,20160916,23,753,,2.0
1803,20160917,23,749,,1.0
1804,20160918,27,749,,1.0
1805,20160919,23,749,,1.0
1806,20160920,19,752,,1.0
1807,20160921,21,752,,1.0
1808,20160922,13,755,,2.0
1809,20160923,17,757,,2.0
1810,20160924,17,758,,2.0
1811,20160925,16,758,,2.0
1812,20160926,15,756,,2.0
1813,20160927,14,755,,2.0
1814,20160928,15,752,,1.0
1815,20160929,12,749,,2.0
1816,20160930,10,752,,2.0
1817,20170101,-5,743,snow,9.0
1818,20170102,-5,746,snow,6.0
1819,20170103,-5,747,,5.0
1820,20170104,-2,748,,6.0
1821,20170105,-2,755,,5.0
1822,20170106,-12,767,,2.0
1823,20170107,-18,768,,4.0
1824,20170108,-11,761,,1.0
1825,20170109,-8,753,,4.0
1826,20170110,-21,761,,1.0
1827,20170111,-11,750,,3.0
1828,20170112,-14,753,,3.0
1829,20170113,-20,758,,
1830,20170114,-14,759,,3.0
1831,20170115,-27,768,,1.0
1832,20170116,-19,767,,
1833,20170117,-18,768,,1.0
1834,20170118,-18,767,snow,2.0
1835,20170119,-19,766,,1.0
1836,20170120,-14,758,,4.0
1837,20170121,-7,750,,5.0
1838,20170122,-8,752,,8.0
1839,20170123,-2,743,snow,7.0
1840,20170124,-13,755,,7.0
1841,20170125,-10,757,snow,10.0
1842,20170126,-15,762,,2.0
1843,20170127,-18,766,,1.0
1844,20170128,-21,759,,1.0
1845,20170129,-18,761,,1.0
1846,20170130,-17,762,,1.0
1847,20170131,-16,759,,2.0
1848,20170201,-14,757,,4.0
1849,20170202,-8,755,snow,2.0
1850,20170203,-6,752,snow,2.0
1851,20170204,-8,750,,10.0
1852,20170205,-16,761,snow,10.0
1853,20170206,-15,770,,5.0
1854,20170207,-11,763,,6.0
1855,20170208,-10,760,,3.0
1856,20170209,-4,749,,4.0
1857,20170210,-20,756,snow,9.0
1858,20170211,-22,764,,3.0
1859,20170212,-23,768,,
1860,20170213,-18,767,,
1861,20170214,-18,764,,4.0
1862,20170215,-16,766,,5.0
1863,20170216,-11,761,,1.0
1864,20170217,-9,746,snow,2.0
1865,20170218,-12,759,,1.0
1866,20170219,-12,752,,2.0
1867,20170220,-8,749,,10.0
1868,20170221,-2,749,snow,10.0
1869,20170222,0,755,,4.0
1870,20170223,-1,761,,1.0
1871,20170224,0,758,,1.0
1872,20170225,-4,755,,1.0
1873,20170226,-5,760,,4.0
1874,20170227,0,760,,4.0
1875,20170228,-1,761,,1.0
1876,20170301,0,755,snow,1.0
1877,20170302,-4,758,,2.0
1878,20170303,-3,761,,6.0
1879,20170304,-2,764,,4.0
1880,20170305,-4,765,,3.0
1881,20170306,-7,764,,2.0
1882,20170307,-6,760,,1.0
1883,20170308,-6,757,,1.0
1884,20170309,-4,762,,2.0
1885,20170310,-7,765,,1.0
1886,20170311,-6,765,,1.0
1887,20170312,-4,763,,4.0
1888,20170313,-3,757,,4.0
1889,20170314,-3,752,,5.0
1890,20170315,-5,761,,2.0
1891,20170316,-3,765,,1.0
1892,20170317,-2,765,,1.0
1893,20170318,-2,764,,2.0
1894,20170319,4,761,,3.0
1895,20170320,-2,763,,1.0
1896,20170321,7,762,,3.0
1897,20170322,7,766,,2.0
1898,20170323,-1,767,,1.0
1899,20170324,6,761,,1.0
1900,20170325,1,751,,6.0
1901,20170326,1,758,,1.0
1902,20170327,1,750,,2.0
1903,20170328,3,755,,4.0
1904,20170329,3,748,,6.0
1905,20170330,3,742,,4.0
1906,20170331,1,755,,9.0
1907,20170401,2,742,,4.0
1908,20170402,-2,757,snow,2.0
1909,20170403,-2,757,,5.0
1910,20170404,-2,746,,14.0
1911,20170405,-2,753,,3.0
1912,20170406,0,753,,5.0
1913,20170407,1,755,,4.0
1914,20170408,5,757,,3.0
1915,20170409,5,761,,2.0
1916,20170410,9,758,,1.0
1917,20170411,10,750,,1.0
1918,20170412,14,746,,2.0
1919,20170413,5,746,,1.0
1920,20170414,9,749,,3.0
1921,20170415,6,755,,3.0
1922,20170416,4,740,rain,7.0
1923,20170417,2,746,,5.0
1924,20170418,5,752,,3.0
1925,20170419,10,750,,5.0
1926,20170420,8,755,,1.0
1927,20170421,6,756,,3.0
1928,20170422,13,746,,3.0
1929,20170423,3,753,,2.0
1930,20170424,6,752,,3.0
1931,20170425,15,761,,2.0
1932,20170426,21,755,,1.0
1933,20170427,18,749,,3.0
1934,20170428,13,754,,2.0
1935,20170429,9,752,,5.0
1936,20170430,6,753,,4.0
1937,20170501,6,754,,2.0
1938,20170502,4,755,,3.0
1939,20170503,2,763,,3.0
1940,20170504,13,749,,4.0
1941,20170505,20,744,,5.0
1942,20170506,20,733,,5.0
1943,20170507,10,746,,4.0
1944,20170508,15,743,,6.0
1945,20170509,12,755,,2.0
1946,20170510,15,752,,2.0
1947,20170511,16,743,,2.0
1948,20170512,19,752,,2.0
1949,20170513,18,753,,1.0
1950,20170514,15,749,,3.0
1951,20170515,14,749,,1.0
1952,20170516,14,750,,3.0
1953,20170517,6,756,,3.0
1954,20170518,9,758,,3.0
1955,20170519,14,756,,5.0
1956,20170520,18,751,,3.0
1957,20170521,16,752,,2.0
1958,20170522,22,748,,4.0
1959,20170523,25,742,,4.0
1960,20170524,23,744,,5.0
1961,20170525,16,749,,3.0
1962,20170526,13,756,,2.0
1963,20170527,19,755,,1.0
1964,20170528,24,744,,3.0
1965,20170529,21,743,,3.0
1966,20170530,20,737,,4.0
1967,20170531,12,751,,3.0
1968,20170601,18,746,,2.0
1969,20170602,16,752,,3.0
1970,20170603,18,753,,3.0
1971,20170604,23,751,,2.0
1972,20170605,25,750,,1.0
1973,20170606,23,749,,3.0
1974,20170607,23,746,,1.0
1975,20170608,19,747,,2.0
1976,20170609,21,741,,5.0
1977,20170610,17,738,,5.0
1978,20170611,16,744,storm,2.0
1979,20170612,15,752,,2.0
1980,20170613,21,752,,3.0
1981,20170614,23,749,,3.0
1982,20170615,25,749,,1.0
1983,20170616,30,747,,2.0
1984,20170617,31,746,,2.0
1985,20170618,32,743,,
1986,20170619,30,743,,1.0
1987,20170620,26,743,,2.0
1988,20170621,26,742,,2.0
1989,20170622,28,742,,1.0
1990,20170623,24,745,,1.0
1991,20170624,26,742,,1.0
1992,20170625,21,741,,3.0
1993,20170626,25,746,,2.0
1994,20170627,28,746,,1.0
1995,20170628,22,749,,3.0
1996,20170629,25,746,,2.0
1997,20170630,27,743,,1.0
1998,20171001,6,753,,1.0
1999,20171002,5,749,,1.0
2000,20171003,9,740,,1.0
2001,20171004,4,743,,1.0
2002,20171005,3,747,,
2003,20171006,3,756,,1.0
2004,20171007,6,766,,
2005,20171008,8,767,,1.0
2006,20171009,6,761,,
2007,20171010,8,758,,1.0
2008,20171011,8,753,,2.0
2009,20171012,6,759,,1.0
2010,20171013,5,757,,1.0
2011,20171014,8,753,,1.0
2012,20171015,13,744,,1.0
2013,20171016,6,746,,2.0
2014,20171017,8,752,,2.0
2015,20171018,5,746,,2.0
2016,20171019,7,746,,1.0
2017,20171020,6,742,,2.0
2018,20171021,6,741,,
2019,20171022,5,743,,2.0
2020,20171023,1,753,,1.0
2021,20171024,8,741,,1.0
2022,20171025,0,746,,2.0
2023,20171026,-1,755,,3.0
2024,20171027,-1,759,,1.0
2025,20171028,5,745,,2.0
2026,20171029,0,749,,4.0
2027,20171030,-2,755,,2.0
2028,20171031,2,749,,1.0
2029,20171101,7,746,,2.0
2030,20171102,8,746,,1.0
2031,20171103,11,733,,1.0
2032,20171104,2,749,,1.0
2033,20171105,-1,755,,1.0
2034,20171106,-1,749,,3.0
2035,20171107,-1,746,,2.0
2036,20171108,-1,754,,1.0
2037,20171109,3,743,,1.0
2038,20171110,-1,743,,4.0
2039,20171111,-10,757,,3.0
2040,20171112,-8,759,,1.0
2041,20171113,-3,753,,
2042,20171114,-2,751,,1.0
2043,20171115,-14,758,,2.0
2044,20171116,-15,761,,1.0
2045,20171117,-7,755,,1.0
2046,20171118,-2,750,,1.0
2047,20171119,-1,752,,2.0
2048,20171120,-2,758,,2.0
2049,20171121,-2,759,,2.0
2050,20171122,-2,759,,2.0
2051,20171123,-4,758,,1.0
2052,20171124,-4,756,,1.0
2053,20171125,-5,745,,1.0
2054,20171126,-9,761,,
2055,20171127,-10,762,,1.0
2056,20171128,-8,760,,
2057,20171201,-10,759,,1.0
2058,20171202,-11,762,,
2059,20171203,-10,763,,1.0
2060,20171204,-10,759,,1.0
2061,20171205,-7,755,,2.0
2062,20171206,-8,761,,1.0
2063,20171207,-8,763,,1.0
2064,20171208,-6,760,,1.0
2065,20171209,-7,752,,
2066,20171210,-6,752,,2.0
2067,20171211,-6,754,,1.0
2068,20171212,-10,758,,
2069,20171213,-14,768,,
2070,20171214,-17,771,,
2071,20171215,-20,772,,1.0
2072,20171216,-19,768,,1.0
2073,20171217,-16,768,,1.0
2074,20171218,-18,769,,
2075,20171219,-21,764,,
2076,20171220,-20,757,,
2077,20171221,-16,754,,1.0
2078,20171222,-12,757,,1.0
2079,20171223,-8,755,,
2080,20171224,-11,751,,2.0
2081,20171225,1,736,,1.0
2082,20171226,-6,737,,3.0
2083,20171227,-3,740,,1.0
2084,20171228,-13,758,,3.0
2085,20171229,-5,752,,1.0
2086,20171230,-7,755,,2.0
2087,20171231,-20,767,,1.0
2088,20170901,19,746,,2.0
2089,20170902,20,743,,1.0
2090,20170903,21,746,,2.0
2091,20170904,22,744,,2.0
2092,20170905,16,747,,1.0
2093,20170906,16,744,,1.0
2094,20170907,8,738,,1.0
2095,20170908,9,746,,2.0
2096,20170909,11,749,,1.0
2097,20170910,13,737,,2.0
2098,20170911,18,734,,2.0
2099,20170912,15,737,,1.0
2100,20170913,10,750,,2.0
2101,20170914,10,753,,3.0
2102,20170915,18,747,,3.0
2103,20170916,20,743,,3.0
2104,20170917,20,746,,2.0
2105,20170918,19,742,,2.0
2106,20170919,11,743,,2.0
2107,20170920,9,751,,2.0
2108,20170921,12,738,,3.0
2109,20170922,5,745,,
2110,20170923,2,745,,1.0
2111,20170924,3,755,,2.0
2112,20170925,4,758,,2.0
2113,20170926,5,759,,1.0
2114,20170927,6,755,,1.0
2115,20170928,6,747,,2.0
2116,20170929,5,748,,1.0
2117,20170930,5,752,,2.0
2118,20180101,-20,770,,1.0
2119,20180102,-14,769,,
2120,20180103,-21,766,,
2121,20180104,-24,763,,1.0
2122,20180105,-25,764,,1.0
2123,20180106,-23,764,,1.0
2124,20180107,-18,763,,1.0
2125,20180108,-15,758,,1.0
2126,20180109,-12,752,,1.0
2127,20180110,-3,749,,1.0
2128,20180111,-2,740,,3.0
2129,20180112,-10,749,,2.0
2130,20180113,-17,751,,
2131,20180114,-23,753,,1.0
2132,20180115,-20,751,,
2133,20180116,-14,746,,2.0
2134,20180117,-11,750,,4.0
2135,20180118,-13,758,,2.0
2136,20180119,-13,761,,1.0
2137,20180120,-28,767,,2.0
2138,20180121,-33,770,,2.0
2139,20180122,-25,770,,2.0
2140,20180123,-31,771,,2.0
2141,20180124,-27,771,,1.0
2142,20180125,-27,772,,1.0
2143,20180126,-23,775,,1.0
2144,20180127,-25,775,,1.0
2145,20180128,-21,766,,1.0
2146,20180129,-14,758,,1.0
2147,20180130,-16,764,,2.0
2148,20180131,-16,765,,1.0
2149,20180201,-12,762,,
2150,20180202,-12,760,,1.0
2151,20180203,-8,758,,1.0
2152,20180204,-8,763,,
2153,20180205,-7,763,,2.0
2154,20180206,-14,761,,
2155,20180207,-13,764,,1.0
2156,20180208,-9,768,,2.0
2157,20180209,-9,767,,1.0
2158,20180210,-6,761,,2.0
2159,20180211,-6,756,,1.0
2160,20180212,-7,753,,1.0
2161,20180213,-10,753,,1.0
2162,20180214,-8,750,,2.0
2163,20180215,-9,749,,2.0
2164,20180216,-16,760,,1.0
2165,20180217,-18,764,,1.0
2166,20180218,-15,762,,1.0
2167,20180219,-13,761,,1.0
2168,20180220,-6,760,,2.0
2169,20180221,-5,753,,1.0
2170,20180222,-4,745,,4.0
2171,20180223,-8,750,,2.0
2172,20180224,-10,749,,1.0
2173,20180225,-13,758,,1.0
2174,20180226,-13,757,,2.0
2175,20180227,-13,759,,2.0
2176,20180228,-11,748,,3.0
2177,20180301,-11,738,,3.0
2178,20180302,-16,746,,1.0
2179,20180303,-12,755,,1.0
2180,20180304,-10,753,,1.0
2181,20180305,0,750,,
2182,20180306,-2,750,,2.0
2183,20180307,-2,742,,1.0
2184,20180308,-11,751,,2.0
2185,20180309,-7,747,,1.0
2186,20180310,-6,743,,3.0
2187,20180311,-8,746,,2.0
2188,20180312,-10,755,,2.0
2189,20180313,-8,759,,2.0
2190,20180314,-7,752,,2.0
2191,20180315,0,752,,1.0
2192,20180316,-1,753,,2.0
2193,20180317,-1,754,,2.0
2194,20180318,0,755,,1.0
2195,20180319,4,743,,2.0
2196,20180320,-5,757,,2.0
2197,20180321,-4,745,,1.0
2198,20180322,-1,744,,1.0
2199,20180323,1,736,,3.0
2200,20180324,-1,734,,5.0
2201,20180325,-1,743,,3.0
2202,20180326,-1,741,,4.0
2203,20180327,0,746,,4.0
2204,20180328,1,748,,4.0
2205,20180329,2,747,,1.0
2206,20180330,-2,739,,5.0
2207,20180331,-5,749,,3.0
2208,20180401,-4,755,,3.0
2209,20180402,1,757,,2.0
2210,20180403,-1,754,,3.0
2211,20180404,-4,767,,2.0
2212,20180405,4,760,,1.0
2213,20180406,8,748,,2.0
2214,20180407,6,745,,1.0
2215,20180408,5,745,,1.0
2216,20180409,5,745,,2.0
2217,20180410,3,743,,1.0
2218,20180411,1,749,,4.0
2219,20180412,10,747,,2.0
2220,20180413,13,739,,2.0
2221,20180414,5,743,,3.0
2222,20180415,6,743,,4.0
2223,20180416,12,737,,2.0
2224,20180417,2,744,,5.0
2225,20180418,1,751,,3.0
2226,20180419,6,747,,1.0
2227,20180420,9,749,,4.0
2228,20180421,16,744,,2.0
2229,20180422,17,740,,3.0
2230,20180423,12,740,,1.0
2231,20180424,11,746,,1.0
2232,20180425,14,745,,
2233,20180426,7,749,,4.0
2234,20180427,9,752,,3.0
2235,20180428,9,746,,
2236,20180429,17,749,,3.0
2237,20180430,20,740,,2.0
2238,20180501,14,741,,4.0
2239,20180502,7,748,,1.0
2240,20180503,10,751,,2.0
2241,20180504,11,748,,1.0
2242,20180505,2,732,,3.0
2243,20180506,1,747,,2.0
2244,20180507,5,748,,4.0
2245,20180508,5,740,,1.0
2246,20180509,7,747,,2.0
2247,20180510,13,752,,1.0
2248,20180511,18,737,,1.0
2249,20180512,10,733,,4.0
2250,20180513,7,740,,
2251,20180514,11,741,,4.0
2252,20180515,8,737,,2.0
2253,20180516,6,741,,3.0
2254,20180517,1,746,,3.0
2255,20180518,9,743,,2.0
2256,20180519,2,746,,5.0
2257,20180520,11,755,,3.0
2258,20180521,17,745,,1.0
2259,20180522,11,738,,1.0
2260,20180523,11,736,,2.0
2261,20180524,6,749,,3.0
2262,20180525,9,742,,1.0
2263,20180526,12,740,,1.0
2264,20180527,8,738,,2.0
2265,20180528,8,743,,2.0
2266,20180529,19,741,,2.0
2267,20180530,25,734,,2.0
2268,20180531,7,743,,3.0
2269,20180601,24,745,,2.0
2270,20180602,27,738,,2.0
2271,20180603,12,740,,3.0
2272,20180604,14,743,,3.0
2273,20180605,20,744,,2.0
2274,20180606,28,749,,1.0
2275,20180607,30,746,,1.0
2276,20180608,29,740,,1.0
2277,20180609,22,740,,1.0
2278,20180610,24,736,,3.0
2279,20180611,19,741,,1.0
2280,20180612,24,740,,1.0
2281,20180613,25,740,,2.0
2282,20180614,14,739,,1.0
2283,20180615,19,743,,1.0
2284,20180616,20,741,,
2285,20180617,25,740,,1.0
2286,20180618,31,734,,1.0
2287,20180619,24,731,,1.0
2288,20180620,23,737,,2.0
2289,20180621,22,740,,2.0
2290,20180622,30,737,,1.0
2291,20180623,26,738,,2.0
2292,20180624,26,740,,
2293,20180625,28,738,,1.0
2294,20180626,19,743,,
2295,20180627,26,741,,
2296,20180628,26,739,,1.0
2297,20180629,27,734,,1.0
2298,20180630,18,737,,
2299,20181001,20,743,,2.0
2300,20181002,9,747,,1.0
2301,20181003,8,755,,2.0
2302,20181004,12,756,,1.0
2303,20181005,16,754,,1.0
2304,20181006,20,752,,1.0
2305,20181007,22,747,,2.0
2306,20181008,11,755,,2.0
2307,20181009,15,750,,1.0
2308,20181010,8,749,,3.0
2309,20181011,10,749,,2.0
2310,20181012,18,740,,2.0
2311,20181013,16,732,,2.0
2312,20181014,3,747,,1.0
2313,20181015,6,752,,1.0
2314,20181016,2,746,,1.0
2315,20181017,7,750,,1.0
2316,20181018,7,745,,2.0
2317,20181019,6,746,,1.0
2318,20181020,3,748,,1.0
2319,20181021,7,739,,2.0
2320,20181022,2,742,,3.0
2321,20181023,-1,750,,3.0
2322,20181024,5,752,,2.0
2323,20181025,8,752,,1.0
2324,20181026,10,755,,1.0
2325,20181027,12,748,,2.0
2326,20181028,16,738,,2.0
2327,20181029,3,752,,2.0
2328,20181030,2,744,,2.0
2329,20181031,-4,750,,3.0
2330,20181101,-7,761,,2.0
2331,20181102,-4,755,,1.0
2332,20181103,0,749,,3.0
2333,20181104,-5,758,,2.0
2334,20181105,0,748,,2.0
2335,20181106,-3,748,,
2336,20181107,-6,746,,
2337,20181108,0,739,,
2338,20181109,-13,746,,
2339,20181110,-17,755,,
2340,20181111,-17,758,,
2341,20181112,-15,756,,
2342,20181113,-9,757,,1.0
2343,20181114,-8,761,,1.0
2344,20181115,-8,756,,1.0
2345,20181116,-7,763,,1.0
2346,20181117,-9,754,,2.0
2347,20181118,-6,751,,
2348,20181119,-12,759,,
2349,20181120,-6,752,,1.0
2350,20181121,-6,747,,1.0
2351,20181122,-2,741,,1.0
2352,20181123,-3,744,,3.0
2353,20181124,-4,731,,2.0
2354,20181125,-12,747,,2.0
2355,20181126,-8,752,,
2356,20181127,-9,749,,1.0
2357,20181128,-5,747,,4.0
2358,20181129,-5,746,,1.0
2359,20181130,-15,737,,3.0
2360,20181201,-21,758,,1.0
2361,20181202,-21,764,,
2362,20181203,-15,757,,2.0
2363,20181204,-25,772,,1.0
2364,20181205,-28,773,,
2365,20181206,-22,766,,
2366,20181207,-19,761,,1.0
2367,20181208,-15,761,,1.0
2368,20181209,-14,761,,
2369,20181210,-16,758,,
2370,20181211,-14,758,,1.0
2371,20181212,-10,755,,1.0
2372,20181213,-13,755,,2.0
2373,20181214,-8,753,,3.0
2374,20181215,-9,754,,3.0
2375,20181216,-10,751,,
2376,20181217,-14,754,,2.0
2377,20181218,-11,753,,1.0
2378,20181219,-9,745,,1.0
2379,20181220,-24,759,,2.0
2380,20181221,-17,761,,1.0
2381,20181222,-17,755,,1.0
2382,20181223,-17,755,,1.0
2383,20181224,-30,766,,1.0
2384,20181225,-23,770,,1.0
2385,20181226,-22,770,,
2386,20181227,-23,770,,
2387,20181228,-25,766,,
2388,20181229,-21,758,,1.0
2389,20181230,-14,753,,1.0
2390,20181231,-12,759,,1.0
2391,20180901,9,747,,1.0
2392,20180902,15,744,,1.0
2393,20180903,9,750,,1.0
2394,20180904,13,756,,1.0
2395,20180905,16,757,,1.0
2396,20180906,20,751,,1.0
2397,20180907,21,744,,1.0
2398,20180908,17,742,,3.0
2399,20180909,16,744,,1.0
2400,20180910,17,741,,1.0
2401,20180911,6,748,,1.0
2402,20180912,8,752,,2.0
2403,20180913,12,752,,
2404,20180914,19,743,,2.0
2405,20180915,17,743,,3.0
2406,20180916,12,746,,2.0
2407,20180917,10,751,,1.0
2408,20180918,20,747,,1.0
2409,20180919,22,744,,1.0
2410,20180920,16,746,,1.0
2411,20180921,14,743,,1.0
2412,20180922,12,744,,2.0
2413,20180923,13,750,,2.0
2414,20180924,20,753,,2.0
2415,20180925,22,753,,1.0
2416,20180926,23,747,,1.0
2417,20180927,15,751,,3.0
2418,20180928,17,752,,2.0
2419,20190101,-16,761,,
2420,20190102,-19,761,,
2421,20190103,-21,764,,
2422,20190104,-21,758,,1.0
2423,20190105,-18,759,,
2424,20190106,-9,764,,1.0
2425,20190107,-11,749,,1.0
2426,20190108,-7,745,,
2427,20190109,-6,741,,1.0
2428,20190110,-15,749,,2.0
2429,20190111,-22,756,,
2430,20190112,-19,758,,
2431,20190113,-14,761,,1.0
2432,20190114,-7,746,,1.0
2433,20190115,-8,751,,1.0
2434,20190116,-13,758,,
2435,20190117,-10,757,,1.0
2436,20190118,-7,751,,2.0
2437,20190119,-2,749,,1.0
2438,20190120,-4,747,,2.0
2439,20190121,-4,755,,2.0
2440,20190122,-10,756,,
2441,20190123,-10,755,,1.0
2442,20190124,-17,758,,1.0
2443,20190125,-13,751,,2.0
2444,20190126,-21,752,,2.0
2445,20190127,-22,767,,2.0
2446,20190128,-23,766,,1.0
2447,20190129,-14,752,,1.0
2448,20190130,-20,752,,2.0
2449,20190201,-32,764,,2.0
2450,20190202,-28,760,,
2451,20190203,-25,760,,1.0
2452,20190204,-35,763,,
2453,20190205,-24,761,,1.0
2454,20190206,-24,756,,2.0
2455,20190207,-28,768,,1.0
2456,20190208,-26,770,,1.0
2457,20190209,-17,763,,1.0
2458,20190210,-11,752,,1.0
2459,20190211,-19,756,,
2460,20190212,-14,758,,
2461,20190213,-12,759,,1.0
2462,20190214,-12,760,,1.0
2463,20190215,-7,756,,1.0
2464,20190216,-8,764,,9.0
2465,20190217,-4,764,,3.0
2466,20190218,-6,753,,4.0
2467,20190219,-7,755,,5.0
2468,20190220,-6,753,,4.0
2469,20190221,-1,747,,4.0
2470,20190222,-3,744,,3.0
2471,20190301,-6,750,,3.0
2472,20190302,-3,750,,2.0
2473,20190303,2,745,,3.0
2474,20190304,2,750,,4.0
2475,20190305,-5,755,,7.0
2476,20190306,-4,757,snow,3.0
2477,20190307,-1,757,,7.0
2478,20190308,-2,757,,2.0
2479,20190309,-6,763,,1.0
2480,20190310,-5,762,,2.0
2481,20190311,-5,758,,4.0
2482,20190312,0,760,,3.0
2483,20190313,3,756,,2.0
2484,20190314,3,758,,2.0
2485,20190315,3,750,,2.0
2486,20190316,0,750,,4.0
2487,20190317,-4,755,snow,2.0
2488,20190318,-7,766,,2.0
2489,20190319,-5,763,,2.0
2490,20190320,-4,765,,2.0
2491,20190321,1,763,,2.0
2492,20190322,3,756,,2.0
2493,20190323,7,754,,
2494,20190324,2,753,,2.0
2495,20190325,4,760,,1.0
2496,20190326,4,762,,3.0
2497,20190327,3,755,,2.0
2498,20190328,3,764,,3.0
2499,20190329,7,754,,3.0
2500,20190330,4,751,,4.0
2501,20190331,4,752,,5.0
2502,20190401,3,757,,4.0
2503,20190402,7,753,,5.0
2504,20190403,6,761,,2.0
2505,20190404,7,755,,3.0
2506,20190405,5,752,,2.0
2507,20190406,11,753,,3.0
2508,20190407,5,760,,3.0
2509,20190408,4,764,,3.0
2510,20190409,10,755,,1.0
2511,20190410,11,755,,3.0
2512,20190411,5,759,,2.0
2513,20190412,10,756,,5.0
2514,20190413,12,748,,3.0
2515,20190414,7,751,,1.0
2516,20190415,3,749,,2.0
2517,20190416,3,747,,3.0
2518,20190417,5,744,,4.0
2519,20190418,-6,750,,4.0
2520,20190419,2,758,,4.0
2521,20190420,5,749,,4.0
2522,20190421,7,751,,2.0
2523,20190422,8,758,,3.0
2524,20190423,9,753,,2.0
2525,20190424,12,749,,1.0
2526,20190425,9,741,rain,3.0
2527,20190426,9,746,,4.0
2528,20190427,2,749,,3.0
2529,20190428,4,753,,3.0
2530,20190429,12,743,,5.0
2531,20190430,17,737,storm,1.0
2532,20190501,2,755,,3.0
2533,20190502,7,758,,2.0
2534,20190503,10,761,,3.0
2535,20190504,12,761,,1.0
2536,20190505,16,760,,3.0
2537,20190506,16,758,,2.0
2538,20190507,21,757,,2.0
2539,20190508,28,752,,2.0
2540,20190509,17,756,,3.0
2541,20190510,14,761,,2.0
2542,20190511,16,755,,3.0
2543,20190512,13,751,,4.0
2544,20190513,5,752,,3.0
2545,20190514,8,749,,5.0
2546,20190515,8,752,,1.0
2547,20190516,12,756,,1.0
2548,20190517,11,756,,5.0
2549,20190518,14,747,,7.0
2550,20190519,21,741,,3.0
2551,20190520,16,744,,5.0
2552,20190521,10,740,,3.0
2553,20190522,13,744,,3.0
2554,20190523,11,749,,6.0
2555,20190524,16,751,,2.0
2556,20190525,18,747,,5.0
2557,20190526,10,755,,3.0
2558,20190527,14,761,,4.0
2559,20190528,20,756,,5.0
2560,20190529,24,751,,3.0
2561,20190530,16,743,rain,4.0
2562,20190531,14,746,,5.0
2563,20190601,14,747,,1.0
2564,20190602,17,749,,4.0
2565,20190603,16,745,,4.0
2566,20190604,17,746,,1.0
2567,20190605,21,744,,3.0
2568,20190606,21,740,,5.0
2569,20190607,20,741,,3.0
2570,20190608,18,740,,5.0
2571,20190609,19,741,,2.0
2572,20190610,19,746,,3.0
2573,20190611,20,750,,4.0
2574,20190612,24,744,,4.0
2575,20190613,22,739,,5.0
2576,20190614,19,743,,1.0
2577,20190615,20,745,,2.0
2578,20190616,16,739,,3.0
2579,20190617,17,748,,7.0
2580,20190618,17,741,,7.0
2581,20190619,19,747,,5.0
2582,20190620,21,751,,3.0
2583,20190621,23,750,,3.0
2584,20190622,26,744,,1.0
2585,20190623,15,746,,1.0
2586,20190624,18,748,,2.0
2587,20190625,20,750,,3.0
2588,20190626,25,749,,1.0
2589,20190627,27,744,,2.0
2590,20190628,21,746,,2.0
2591,20190629,15,749,,2.0
2592,20190630,19,752,,2.0
2593,20191001,7,761,,2.0
2594,20191002,11,763,,5.0
2595,20191003,13,761,,2.0
2596,20191004,13,756,,3.0
2597,20191005,14,758,,3.0
2598,20191006,16,757,,3.0
2599,20191007,17,756,,1.0
2600,20191008,17,755,,2.0
2601,20191009,15,759,,1.0
2602,20191010,12,757,,2.0
2603,20191011,14,754,,2.0
2604,20191012,11,758,,1.0
2605,20191013,18,759,,
2606,20191014,16,751,,2.0
2607,20191015,11,748,,8.0
2608,20191016,8,743,rain,9.0
2609,20191017,6,743,,3.0
2610,20191018,0,755,,3.0
2611,20191019,-2,756,,1.0
2612,20191020,-3,760,,2.0
2613,20191021,-2,765,,1.0
2614,20191022,-1,762,,7.0
2615,20191023,3,754,,9.0
2616,20191024,5,747,,9.0
2617,20191025,2,749,,2.0
2618,20191026,1,749,,2.0
2619,20191027,8,742,,5.0
2620,20191028,7,736,rain,6.0
2621,20191029,13,741,,5.0
2622,20191030,3,752,,2.0
2623,20191031,5,752,,2.0
2624,20191101,9,744,,3.0
2625,20191102,1,756,,2.0
2626,20191103,0,767,,4.0
2627,20191104,-1,758,,2.0
2628,20191105,-1,758,,1.0
2629,20191106,4,757,,5.0
2630,20191107,3,754,,9.0
2631,20191108,2,746,,7.0
2632,20191109,-7,761,snow,1.0
2633,20191110,-9,763,,2.0
2634,20191111,-9,771,,1.0
2635,20191112,-7,755,snow,10.0
2636,20191113,-5,755,,2.0
2637,20191114,-11,761,,2.0
2638,20191115,-18,766,,2.0
2639,20191116,-19,773,,8.0
2640,20191117,-6,757,snow,7.0
2641,20191118,-3,746,snow,3.0
2642,20191119,-19,751,snow,2.0
2643,20191120,-25,761,,3.0
2644,20191121,-22,763,snow,8.0
2645,20191122,-17,764,snow,7.0
2646,20191123,-15,766,,5.0
2647,20191124,-12,761,,4.0
2648,20191125,-13,766,,
2649,20191126,-9,764,,1.0
2650,20191127,-11,763,,1.0
2651,20191128,-15,764,,3.0
2652,20191129,-10,764,snow,3.0
2653,20191130,-9,768,,5.0
2654,20191201,-13,768,,2.0
2655,20191202,-13,761,,
2656,20191203,-11,759,,4.0
2657,20191204,-3,763,,1.0
2658,20191205,-2,755,,3.0
2659,20191206,-1,749,,4.0
2660,20191207,-2,749,snow,6.0
2661,20191208,-1,753,snow,2.0
2662,20191209,-1,759,,2.0
2663,20191210,-5,758,,1.0
2664,20191211,-8,755,,2.0
2665,20191212,-7,752,,6.0
2666,20191213,-5,748,snow,3.0
2667,20191214,-8,755,snow,2.0
2668,20191215,-9,765,snow,3.0
2669,20191216,-9,764,snow,3.0
2670,20191217,-11,767,snow,5.0
2671,20191218,-9,761,,4.0
2672,20191219,-8,754,,4.0
2673,20191220,-5,750,,3.0
2674,20191221,-3,745,,7.0
2675,20191222,-4,749,snow,4.0
2676,20191223,-13,755,,2.0
2677,20191224,-11,754,snow,5.0
2678,20191225,-5,749,snow,3.0
2679,20191226,-17,757,,1.0
2680,20191227,-24,764,,1.0
2681,20191228,-26,763,,1.0
2682,20191229,-17,755,,
2683,20191230,-8,752,snow,1.0
2684,20191231,-15,755,snow,6.0
2685,20190901,14,747,,2.0
2686,20190902,17,749,,1.0
2687,20190903,17,747,,4.0
2688,20190904,15,749,,2.0
2689,20190905,18,751,,1.0
2690,20190906,22,750,,2.0
2691,20190907,17,752,,1.0
2692,20190908,21,751,,1.0
2693,20190909,18,749,,2.0
2694,20190910,17,749,,2.0
2695,20190911,10,751,rain,1.0
2696,20190912,10,758,,2.0
2697,20190913,9,751,,1.0
2698,20190914,12,752,,4.0
2699,20190915,13,750,storm,1.0
2700,20190916,21,752,,1.0
2701,20190917,20,749,,3.0
2702,20190918,17,752,,1.0
2703,20190919,18,750,,1.0
2704,20190920,21,745,,3.0
2705,20190921,17,755,,2.0
2706,20190922,19,749,,4.0
2707,20190923,13,749,,2.0
2708,20190924,17,747,,3.0
2709,20190925,12,753,,5.0
2710,20190926,11,755,,2.0
2711,20190927,11,751,,
2712,20190928,6,745,rain,2.0
2713,20190929,4,740,,
2714,20190930,3,753,rain,2.0
